stream_id,datum,wochentag,uhrzeit,nutzer_id,song_id,gehoert_sek,geraet,quelle
E-02054,2026-03-31,Dienstag,07:46,U-0038,S-024,5,Handy,Playlist
E-02055,2026-03-31,Dienstag,08:00,U-0138,S-078,3,handy,Suche
E-02056,2026-03-31,Dienstag,08:25,U-0010,S-001,223,Smart Speaker,Playlist
E-02057,2026-03-31,Dienstag,09:58,U-0071,S-041,177,Desktop,Playlist
E-02058,2026-03-31,Dienstag,09:58,U-0073,S-105,202,Handy,Playlist
E-02059,2026-03-31,Dienstag,10:08,U-0036,S-096,196,Smart Speaker,Autoplay
E-02060,2026-03-31,Dienstag,10:29,U-0151,S-011,26,Tablet,Autoplay
E-02061,2026-03-31,Dienstag,10:49,U-0155,S-036,194,Desktop,Autoplay
E-02062,2026-03-31,Dienstag,11:27,U-0191,S-062,302,Handy,Album
E-02063,2026-03-31,Dienstag,11:34,U-0070,S-009,28,Tablet,Album
E-02064,2026-03-31,Dienstag,12:32,U-0107,S-044,4,Handy,Autoplay
E-02065,2026-03-31,Dienstag,13:34,U-0084,S-031,242,Handy,Suche
E-02066,2026-03-31,Dienstag,14:07,U-0002,S-084,205,Handy,Playlist
E-02067,2026-03-31,Dienstag,14:13,U-0107,S-021,223,Handy,Playlist
E-02068,2026-03-31,Dienstag,14:50,,S-026,245,Smart Speaker,Album
E-02069,2026-03-31,Dienstag,17:19,U-0051,S-007,210,Tablet,Autoplay
E-02070,2026-03-31,Dienstag,17:37,U-0112,S-062,73,Handy,Autoplay
E-02071,2026-03-31,Dienstag,19:34,U-0014,S-092,165,Smart Speaker,Autoplay
E-02072,2026-03-31,Dienstag,20:50,U-0177,S-064,241,Smart Speaker,Playlist
E-02073,2026-03-31,Dienstag,20:59,U-0087,S-055,72,Handy,Playlist
E-02074,2026-03-31,Dienstag,21:59,U-0023,S-043,157,Desktop,Album
E-02075,2026-03-31,Dienstag,22:27,U-0095,S-042,12,Smart Speaker,Autoplay
E-02076,2026-03-31,Dienstag,22:47,U-0100,S-001,189,Handy,Suche
E-02077,2026-03-31,Dienstag,22:52,U-0105,S-064,21,Handy,Playlist
E-02078,2026-04-01,Mittwoch,00:29,U-0105,S-096,196,Smart Speaker,Playlist
E-02079,2026-04-01,Mittwoch,02:49,U-0105,S-005,205,Smart Speaker,Autoplay
E-02080,2026-04-01,Mittwoch,05:55,U-0015,S-011,164,Smart Speaker,Suche
E-02081,2026-04-01,Mittwoch,06:05,U-0137,S-085,30,Smart Speaker,Playlist
E-02082,2026-04-01,Mittwoch,06:11,U-0061,S-041,189,Handy,Playlist
E-02083,2026-04-01,Mittwoch,06:18,U-0105,S-003,38,Desktop,Autoplay
E-02084,2026-04-01,Mittwoch,06:57,U-0020,S-064,241,Handy,Suche
E-02085,2026-04-01,Mittwoch,07:13,U-0011,s-078,27,Tablet,Playlist
E-02086,2026-04-01,Mittwoch,07:56,U-0176,S-041,24,Handy,Playlist
E-02087,2026-04-01,Mittwoch,08:00,U-0095,S-056,28,Handy,Autoplay
E-02088,2026-04-01,Mittwoch,08:03,U-0007,s-004,156,Tablet,Playlist
E-02089,2026-04-01,Mittwoch,08:14,U-0009,S-100,256,handy,Playlist
E-02090,2026-04-01,Mittwoch,08:21,U-0031,s-035,169,Tablet,Suche
E-02091,2026-04-01,Mittwoch,09:13,U-0063,S-066,9,Handy,Playlist
E-02092,2026-04-01,Mittwoch,09:29,U-0091,S-001,223,Desktop,Playlist
E-02093,2026-04-01,Mittwoch,11:59,U-0176,s-105,202,Tablet,Album
E-02094,2026-04-01,Mittwoch,12:06,,S-021,223,Handy,Autoplay
E-02095,2026-04-01,Mittwoch,14:27,U-0058,S-004,156,,Autoplay
E-02096,2026-04-01,Mittwoch,15:06,U-0111,S-097,28,Handy,Autoplay
E-02097,2026-04-01,Mittwoch,15:12,U-0200,s-105,110,Tablet,Album
E-02098,2026-04-01,Mittwoch,16:00,U-0170,S-120,442,Handy,Suche
E-02099,2026-04-01,Mittwoch,16:42,U-0026,S-043,157,Desktop,Playlist
E-02100,2026-04-01,Mittwoch,16:51,U-0149,S-070,319,Handy,Album
E-02101,2026-04-01,Mittwoch,17:04,U-0063,S-064,16,Desktop,Playlist
E-02102,2026-04-01,Mittwoch,17:21,U-0188,S-109,36,Handy,Playlist
E-02103,2026-04-01,Mittwoch,17:34,,S-011,164,Smart Speaker,Suche
E-02104,2026-04-01,Mittwoch,17:43,U-0160,s-041,189,Tablet,Playlist
E-02105,2026-04-01,Mittwoch,18:25,U-0175,S-120,412,handy,Playlist
E-02106,2026-04-01,Mittwoch,19:02,U-0151,S-021,223,Smart Speaker,Autoplay
E-02107,2026-04-01,Mittwoch,19:07,U-0047,S-078,208,Handy,Album
E-02108,2026-04-01,Mittwoch,19:56,U-0073,s-087,29,Tablet,Playlist
E-02109,2026-04-01,Mittwoch,20:42,U-0199,S-047,28,Handy,Playlist
E-02110,2026-04-01,Mittwoch,21:21,U-0041,S-041,9,Smart Speaker,Autoplay
E-02111,2026-04-01,Mittwoch,21:59,U-0013,s-100,256,Tablet,Album
E-02112,2026-04-01,Mittwoch,22:04,U-0136,S-041,30,Handy,Playlist
E-02113,2026-04-01,Mittwoch,22:07,U-0063,s-109,25,Tablet,Suche
E-02114,2026-04-01,Mittwoch,22:19,U-0161,S-045,191,Handy,Playlist
E-02115,2026-04-01,Mittwoch,22:24,U-0071,S-042,189,,Suche
E-02116,2026-04-01,Mittwoch,22:45,U-0181,s-119,331,Tablet,Playlist
E-02117,2026-04-01,Mittwoch,23:20,U-0037,S-010,158,Handy,Autoplay
E-02118,2026-04-02,Donnerstag,06:39,U-0122,S-021,14,Handy,Suche
E-02119,2026-04-02,Donnerstag,07:05,U-0069,S-096,46,Handy,Playlist
E-02120,2026-04-02,Donnerstag,07:34,U-0021,S-090,21,,Playlist
E-02121,2026-04-02,Donnerstag,07:35,U-0141,S-015,160,Handy,Album
E-02122,2026-04-02,Donnerstag,07:55,U-0103,S-088,237,Handy,Playlist
E-02123,2026-04-02,Donnerstag,07:55,U-0192,S-082,134,Handy,Suche
E-02124,2026-04-02,Donnerstag,09:05,U-0099,S-031,242,Handy,Album
E-02125,2026-04-02,Donnerstag,09:21,U-0169,S-004,156,Handy,Album
E-02126,2026-04-02,Donnerstag,09:51,U-0151,S-060,205,Smart Speaker,Playlist
E-02127,2026-04-02,Donnerstag,09:57,,S-090,44,handy,Playlist
E-02128,2026-04-02,Donnerstag,10:20,U-0156,S-013,28,Handy,Playlist
E-02129,2026-04-02,Donnerstag,11:12,U-0067,S-041,35,Handy,Suche
E-02130,2026-04-02,Donnerstag,12:31,U-0021,S-062,302,Handy,Autoplay
E-02131,2026-04-02,Donnerstag,12:39,U-0051,S-096,16,Handy,Album
E-02132,2026-04-02,Donnerstag,12:47,U-0008,s-062,302,Tablet,Album
E-02133,2026-04-02,Donnerstag,13:18,U-0200,S-097,195,Desktop,Playlist
E-02134,2026-04-02,Donnerstag,13:18,U-0076,S-024,221,handy,Album
E-02135,2026-04-02,Donnerstag,13:48,U-0135,S-020,162,Handy,Suche
E-02136,2026-04-02,Donnerstag,14:43,U-0104,S-041,189,Smart Speaker,Playlist
E-02137,2026-04-02,Donnerstag,15:02,U-0176,S-064,241,Handy,Autoplay
E-02138,2026-04-02,Donnerstag,15:09,U-0015,S-065,191,Desktop,Suche
E-02139,2026-04-02,Donnerstag,15:26,U-0189,s-041,39,Tablet,Suche
E-02140,2026-04-02,Donnerstag,15:50,U-0144,S-064,241,Desktop,Playlist
E-02141,2026-04-02,Donnerstag,16:16,U-0081,S-011,164,Handy,Album
E-02142,2026-04-02,Donnerstag,17:53,U-0003,S-103,150,Handy,Suche
E-02143,2026-04-02,Donnerstag,19:15,U-0191,S-064,24,Handy,Autoplay
E-02144,2026-04-02,Donnerstag,19:32,,S-077,22,Desktop,Suche
E-02145,2026-04-02,Donnerstag,19:32,U-0195,S-059,308,Smart Speaker,Autoplay
E-02146,2026-04-02,Donnerstag,19:39,U-0155,s-008,212,Tablet,Album
E-02147,2026-04-02,Donnerstag,20:05,U-0083,s-011,67,Tablet,Suche
E-02148,2026-04-02,Donnerstag,20:07,U-0107,S-012,212,,Autoplay
E-02149,2026-04-02,Donnerstag,21:38,U-0181,s-077,242,Tablet,Suche
E-02150,2026-04-02,Donnerstag,21:59,,S-045,191,Handy,Autoplay
E-02151,2026-04-02,Donnerstag,22:42,U-0108,S-011,11,Smart Speaker,Playlist
E-02152,2026-04-02,Donnerstag,23:32,U-0087,S-081,26,Handy,Playlist
E-02153,2026-04-03,Freitag,03:13,U-0070,S-055,316,Handy,Suche
E-02154,2026-04-03,Freitag,05:16,U-0090,S-014,201,Handy,Suche
E-02155,2026-04-03,Freitag,06:06,U-0029,S-011,15,Handy,Playlist
E-02156,2026-04-03,Freitag,06:44,U-0040,S-021,223,Smart Speaker,Album
E-02157,2026-04-03,Freitag,07:18,U-0036,S-021,206,Desktop,Album
E-02158,2026-04-03,Freitag,07:40,U-0106,S-041,16,Smart Speaker,Playlist
E-02159,2026-04-03,Freitag,08:29,U-0037,S-078,208,Handy,Playlist
E-02160,2026-04-03,Freitag,08:50,U-0005,S-088,160,Handy,Playlist
E-02161,2026-04-03,Freitag,09:36,U-0063,S-041,189,Handy,Playlist
E-02162,2026-04-03,Freitag,10:28,U-0095,S-001,21,Handy,Suche
E-02163,2026-04-03,Freitag,10:38,U-0149,s-012,212,Tablet,Playlist
E-02164,2026-04-03,Freitag,11:04,U-0022,S-021,223,Handy,Playlist
E-02165,2026-04-03,Freitag,11:18,U-0103,S-086,339,Handy,Autoplay
E-02166,2026-04-03,Freitag,11:37,,S-029,22,Smart Speaker,Autoplay
E-02167,2026-04-03,Freitag,13:12,U-0150,S-036,24,Desktop,Autoplay
E-02168,2026-04-03,Freitag,13:16,U-0070,S-105,202,Desktop,Suche
E-02169,2026-04-03,Freitag,13:25,U-0146,S-001,223,Desktop,Autoplay
E-02170,2026-04-03,Freitag,13:48,U-0070,S-046,189,Desktop,Suche
E-02171,2026-04-03,Freitag,14:20,U-0170,S-057,308,Desktop,Playlist
E-02172,2026-04-03,Freitag,14:24,,S-042,189,Handy,Suche
E-02173,2026-04-03,Freitag,14:35,U-0122,S-072,296,Desktop,Playlist
E-02174,2026-04-03,Freitag,14:46,U-0156,S-100,256,Handy,Playlist
E-02175,2026-04-03,Freitag,15:04,U-0030,S-011,7,Desktop,Autoplay
E-02176,2026-04-03,Freitag,15:10,U-0037,S-018,124,Desktop,Suche
E-02177,2026-04-03,Freitag,16:05,U-0028,s-028,80,Tablet,Playlist
E-02178,2026-04-03,Freitag,16:29,U-0118,S-021,223,Desktop,Album
E-02179,2026-04-03,Freitag,17:50,U-0103,S-005,205,Handy,Suche
E-02180,2026-04-03,Freitag,18:15,U-0107,S-037,226,Handy,Album
E-02181,2026-04-03,Freitag,18:40,U-0170,S-046,273,Handy,Suche
E-02182,2026-04-03,Freitag,19:28,U-0046,s-021,223,Tablet,Album
E-02183,2026-04-03,Freitag,19:33,U-0132,S-053,248,Desktop,Suche
E-02184,2026-04-03,Freitag,19:53,U-0088,S-064,241,Smart Speaker,Autoplay
E-02185,2026-04-03,Freitag,20:13,U-0110,S-064,241,Desktop,Autoplay
E-02186,2026-04-03,Freitag,20:20,U-0010,S-116,13,Smart Speaker,Playlist
E-02187,2026-04-03,Freitag,20:30,U-0049,S-032,57,Desktop,Suche
E-02188,2026-04-03,Freitag,20:43,U-0182,S-062,24,Handy,Playlist
E-02189,2026-04-03,Freitag,21:21,U-0104,s-096,33,Tablet,Playlist
E-02190,2026-04-03,Freitag,21:51,,S-064,241,Handy,Autoplay
E-02191,2026-04-03,Freitag,22:00,U-0095,s-062,19,Tablet,Autoplay
E-02192,2026-04-03,Freitag,22:34,,s-026,192,Tablet,Autoplay
E-02193,2026-04-04,Samstag,06:56,U-0045,S-059,218,Handy,Playlist
E-02194,2026-04-04,Samstag,07:04,U-0037,S-033,241,Handy,Suche
E-02195,2026-04-04,Samstag,07:04,U-0081,S-096,169,Handy,Playlist
E-02196,2026-04-04,Samstag,07:09,U-0007,S-011,164,Handy,Suche
E-02197,2026-04-04,Samstag,07:15,U-0038,S-044,160,Handy,Playlist
E-02198,2026-04-04,Samstag,07:24,U-0152,S-078,13,Handy,Album
E-02199,2026-04-04,Samstag,08:32,U-0083,S-022,157,Smart Speaker,Album
E-02200,2026-04-04,Samstag,09:00,U-0143,S-031,27,Handy,Suche
E-02201,2026-04-04,Samstag,09:36,U-0031,S-047,145,Desktop,Playlist
E-02202,2026-04-04,Samstag,09:47,U-0189,S-008,212,Handy,Suche
E-02203,2026-04-04,Samstag,10:06,U-0083,S-098,37,Handy,Playlist
E-02204,2026-04-04,Samstag,10:24,U-0022,S-031,242,Handy,Album
E-02205,2026-04-04,Samstag,10:26,U-0102,S-032,239,Smart Speaker,Autoplay
E-02206,2026-04-04,Samstag,12:04,U-0025,S-055,316,Handy,Album
E-02207,2026-04-04,Samstag,12:10,U-0108,S-096,27,Handy,Suche
E-02208,2026-04-04,Samstag,13:09,U-0103,S-011,116,Desktop,Autoplay
E-02209,2026-04-04,Samstag,13:58,U-0054,S-019,17,Handy,Playlist
E-02210,2026-04-04,Samstag,14:31,U-0102,S-041,4,handy,Playlist
E-02211,2026-04-04,Samstag,14:44,U-0118,S-055,316,Handy,Album
E-02212,2026-04-04,Samstag,14:46,U-0011,S-119,25,Handy,Album
E-02213,2026-04-04,Samstag,16:18,U-0108,S-050,31,Handy,Autoplay
E-02214,2026-04-04,Samstag,16:48,U-0024,S-055,217,Handy,Playlist
E-02215,2026-04-04,Samstag,16:55,U-0151,S-110,9999,Handy,Playlist
E-02216,2026-04-04,Samstag,16:58,U-0051,s-041,148,Tablet,Playlist
E-02217,2026-04-04,Samstag,16:59,U-0097,S-114,416,Desktop,Album
E-02218,2026-04-04,Samstag,17:20,U-0176,S-064,14,Smart Speaker,Suche
E-02219,2026-04-04,Samstag,18:11,U-0172,S-057,158,Desktop,Playlist
E-02220,2026-04-04,Samstag,18:20,U-0188,S-041,18,Smart Speaker,Playlist
E-02221,2026-04-04,Samstag,18:45,U-0037,s-026,192,Tablet,Playlist
E-02222,2026-04-04,Samstag,18:50,U-0101,S-037,226,Handy,Album
E-02223,2026-04-04,Samstag,19:29,U-0088,S-041,104,Desktop,Autoplay
E-02224,2026-04-04,Samstag,19:59,U-0161,S-018,52,Smart Speaker,Playlist
E-02225,2026-04-04,Samstag,20:03,U-0095,S-037,226,Handy,Album
E-02226,2026-04-04,Samstag,20:11,U-0063,s-100,256,Tablet,Suche
E-02227,2026-04-04,Samstag,20:18,U-0196,S-036,17,Handy,Playlist
E-02228,2026-04-04,Samstag,20:18,,S-004,8,Smart Speaker,Playlist
E-02229,2026-04-04,Samstag,20:44,U-0063,S-056,204,Smart Speaker,Suche
E-02230,2026-04-04,Samstag,21:13,U-0124,S-089,230,Smart Speaker,Playlist
E-02231,2026-04-04,Samstag,21:27,U-0054,s-005,205,Tablet,Suche
E-02232,2026-04-04,Samstag,22:32,U-0156,S-110,444,Smart Speaker,Playlist
E-02233,2026-04-04,Samstag,22:36,U-0058,s-011,82,Tablet,Autoplay
E-02234,2026-04-04,Samstag,22:46,U-0072,S-069,112,Handy,Album
E-02235,2026-04-04,Samstag,22:51,U-0147,S-092,204,Handy,Playlist
E-02236,2026-04-05,Sonntag,08:01,U-0037,S-087,149,Handy,Playlist
E-02237,2026-04-05,Sonntag,08:06,U-0073,S-007,159,Handy,Autoplay
E-02238,2026-04-05,Sonntag,08:22,U-0131,S-030,213,Handy,Album
E-02239,2026-04-05,Sonntag,08:26,U-0111,S-020,60,Handy,Album
E-02240,2026-04-05,Sonntag,08:33,U-0161,S-021,210,Desktop,Playlist
E-02241,2026-04-05,Sonntag,08:54,U-0010,S-011,164,Handy,Autoplay
E-02242,2026-04-05,Sonntag,09:11,U-0152,S-032,104,Handy,Suche
E-02243,2026-04-05,Sonntag,09:33,U-0023,S-032,239,Handy,Playlist
E-02244,2026-04-05,Sonntag,09:37,U-0030,S-041,6,Handy,Autoplay
E-02245,2026-04-05,Sonntag,09:41,U-0038,S-097,124,Handy,Suche
E-02246,2026-04-05,Sonntag,10:33,U-0058,S-053,248,Handy,Suche
E-02247,2026-04-05,Sonntag,10:42,U-0040,s-087,354,Tablet,Autoplay
E-02248,2026-04-05,Sonntag,10:51,,S-103,21,Handy,Playlist
E-02249,2026-04-05,Sonntag,10:53,U-0058,S-092,37,Desktop,Playlist
E-02250,2026-04-05,Sonntag,11:17,U-0148,S-062,28,Desktop,Autoplay
E-02251,2026-04-05,Sonntag,12:02,U-0108,s-096,170,Tablet,Autoplay
E-02252,2026-04-05,Sonntag,12:28,U-0063,S-050,246,Desktop,Playlist
E-02253,2026-04-05,Sonntag,12:56,U-0069,S-085,253,Handy,Playlist
E-02254,2026-04-05,Sonntag,13:17,U-0063,S-101,253,Handy,Suche
E-02255,2026-04-05,Sonntag,14:28,U-0031,s-031,242,Tablet,Album
E-02256,2026-04-05,Sonntag,14:38,U-0066,s-055,259,Tablet,Playlist
E-02257,2026-04-05,Sonntag,17:15,U-0040,S-092,116,Handy,Album
E-02258,2026-04-05,Sonntag,17:19,U-0199,S-082,207,Handy,Autoplay
E-02259,2026-04-05,Sonntag,18:41,U-0070,S-064,10,Handy,Playlist
E-02260,2026-04-05,Sonntag,18:44,U-0163,s-109,6,Tablet,Suche
E-02261,2026-04-05,Sonntag,18:46,,S-013,174,Smart Speaker,Playlist
E-02262,2026-04-05,Sonntag,19:45,U-0183,S-021,210,Desktop,Playlist
E-02263,2026-04-05,Sonntag,19:50,U-0103,S-082,207,Smart Speaker,Playlist
E-02264,2026-04-05,Sonntag,19:51,U-0094,S-053,14,Handy,Autoplay
E-02265,2026-04-05,Sonntag,20:06,U-0152,S-011,164,Smart Speaker,Suche
E-02266,2026-04-05,Sonntag,20:16,U-0030,s-011,164,Tablet,Playlist
E-02267,2026-04-05,Sonntag,20:25,U-0087,S-062,302,Desktop,Playlist
E-02268,2026-04-05,Sonntag,21:00,U-0044,S-047,264,Handy,Suche
E-02269,2026-04-05,Sonntag,21:54,U-0122,S-031,242,Handy,Album
E-02270,2026-04-05,Sonntag,23:02,U-0058,S-066,6,Desktop,Autoplay
E-02271,2026-04-05,Sonntag,23:19,U-0135,S-030,36,Handy,Autoplay
E-02272,2026-04-06,Montag,05:24,U-0095,S-096,180,Handy,Playlist
E-02273,2026-04-06,Montag,05:59,U-0117,S-062,72,,Playlist
E-02274,2026-04-06,Montag,06:23,U-0020,S-096,196,Handy,Playlist
E-02275,2026-04-06,Montag,06:25,U-0040,S-031,242,Handy,Autoplay
E-02276,2026-04-06,Montag,08:29,U-0139,S-041,4,Handy,Playlist
E-02277,2026-04-06,Montag,08:55,,S-024,221,Handy,Autoplay
E-02278,2026-04-06,Montag,09:11,U-0063,S-061,233,Handy,Autoplay
E-02279,2026-04-06,Montag,10:55,U-0176,S-102,9999,Desktop,Playlist
E-02280,2026-04-06,Montag,11:04,U-0007,S-078,208,Handy,Playlist
E-02281,2026-04-06,Montag,11:13,U-0173,s-007,136,Tablet,Playlist
E-02282,2026-04-06,Montag,12:50,U-0058,S-014,201,Desktop,Album
E-02283,2026-04-06,Montag,13:39,U-0007,s-036,194,Tablet,Autoplay
E-02284,2026-04-06,Montag,14:01,U-0097,S-066,246,Desktop,Playlist
E-02285,2026-04-06,Montag,14:09,U-0119,S-062,17,Desktop,Autoplay
E-02286,2026-04-06,Montag,14:18,U-0141,s-064,241,Tablet,Playlist
E-02287,2026-04-06,Montag,14:49,U-0161,S-036,194,Desktop,Album
E-02288,2026-04-06,Montag,15:14,U-0063,S-047,264,Desktop,Autoplay
E-02289,2026-04-06,Montag,15:42,U-0181,S-011,164,Desktop,Playlist
E-02290,2026-04-06,Montag,16:48,U-0074,S-024,221,Handy,Autoplay
E-02291,2026-04-06,Montag,17:21,U-0049,S-014,75,Handy,Autoplay
E-02292,2026-04-06,Montag,17:42,U-0181,S-074,281,Handy,Album
E-02293,2026-04-06,Montag,17:45,U-0052,S-005,205,Smart Speaker,Autoplay
E-02294,2026-04-06,Montag,17:50,U-0096,s-011,9,Tablet,Autoplay
E-02295,2026-04-06,Montag,18:04,U-0191,S-088,237,Desktop,Playlist
E-02296,2026-04-06,Montag,18:55,U-0017,S-078,208,Smart Speaker,Playlist
E-02297,2026-04-06,Montag,19:17,U-0127,S-035,67,Smart Speaker,Playlist
E-02298,2026-04-06,Montag,19:48,U-0023,S-041,14,Handy,Suche
E-02299,2026-04-06,Montag,19:53,U-0047,S-088,237,handy,Playlist
E-02300,2026-04-06,Montag,19:55,U-0058,S-002,152,Handy,Playlist
E-02301,2026-04-06,Montag,20:27,U-0140,s-120,222,Tablet,Playlist
E-02302,2026-04-06,Montag,21:12,U-0103,s-002,47,Tablet,Playlist
E-02303,2026-04-06,Montag,21:54,U-0063,S-061,207,Handy,Playlist
E-02304,2026-04-06,Montag,21:54,U-0031,S-076,86,Smart Speaker,Autoplay
E-02305,2026-04-06,Montag,22:01,U-0179,S-019,163,handy,Playlist
E-02306,2026-04-06,Montag,22:32,U-0021,S-002,12,Desktop,Album
E-02307,2026-04-06,Montag,23:17,U-0071,S-032,239,Handy,Playlist
E-02308,2026-04-07,Dienstag,06:42,U-0138,S-056,204,Handy,Album
E-02309,2026-04-07,Dienstag,07:13,U-0161,s-096,96,Tablet,Autoplay
E-02310,2026-04-07,Dienstag,08:41,U-0104,S-096,5,Handy,Autoplay
E-02311,2026-04-07,Dienstag,08:41,U-0169,S-012,13,Desktop,Playlist
E-02312,2026-04-07,Dienstag,10:15,U-0110,S-107,9,Desktop,Playlist
E-02313,2026-04-07,Dienstag,10:34,U-0069,S-070,3,Smart Speaker,Autoplay
E-02314,2026-04-07,Dienstag,10:57,U-0079,S-088,13,Desktop,Autoplay
E-02315,2026-04-07,Dienstag,11:35,U-0127,S-015,160,,Playlist
E-02316,2026-04-07,Dienstag,13:08,U-0063,S-001,223,handy,Playlist
E-02317,2026-04-07,Dienstag,14:07,U-0124,S-093,134,Desktop,Autoplay
E-02318,2026-04-07,Dienstag,14:55,U-0056,S-002,152,Desktop,Album
E-02319,2026-04-07,Dienstag,16:53,U-0027,S-041,3,Handy,Playlist
E-02320,2026-04-07,Dienstag,17:08,U-0152,S-041,17,Smart Speaker,Autoplay
E-02321,2026-04-07,Dienstag,17:11,U-0200,S-018,12,Handy,Suche
E-02322,2026-04-07,Dienstag,17:12,U-0077,S-062,302,Handy,Suche
E-02323,2026-04-07,Dienstag,17:12,U-0177,s-002,49,Tablet,Playlist
E-02324,2026-04-07,Dienstag,18:49,U-0102,s-101,253,Tablet,Autoplay
E-02325,2026-04-07,Dienstag,19:14,U-0103,S-082,207,Handy,Suche
E-02326,2026-04-07,Dienstag,19:24,U-0135,s-067,5,Tablet,Playlist
E-02327,2026-04-07,Dienstag,19:42,U-0045,S-021,206,Handy,Playlist
E-02328,2026-04-07,Dienstag,19:43,U-0167,S-031,13,Handy,Autoplay
E-02329,2026-04-07,Dienstag,20:05,U-0058,s-002,94,Tablet,Autoplay
E-02330,2026-04-07,Dienstag,20:08,U-0063,S-078,208,Smart Speaker,Album
E-02331,2026-04-07,Dienstag,20:09,U-0049,S-014,37,Handy,Playlist
E-02332,2026-04-07,Dienstag,20:51,U-0040,s-001,163,Tablet,Playlist
E-02333,2026-04-07,Dienstag,20:59,U-0116,S-008,22,Handy,Playlist
E-02334,2026-04-07,Dienstag,21:53,U-0086,S-109,3,Handy,Autoplay
E-02335,2026-04-07,Dienstag,22:33,U-0023,S-041,115,Smart Speaker,Playlist
E-02336,2026-04-07,Dienstag,22:46,U-0167,S-002,152,Smart Speaker,Autoplay
E-02337,2026-04-08,Mittwoch,07:20,U-0044,S-010,11,Handy,Autoplay
E-02338,2026-04-08,Mittwoch,07:33,U-0042,S-001,223,Handy,Playlist
E-02339,2026-04-08,Mittwoch,07:41,U-0063,S-002,152,Handy,Autoplay
E-02340,2026-04-08,Mittwoch,07:53,U-0072,s-062,14,Tablet,Autoplay
E-02341,2026-04-08,Mittwoch,08:01,U-0099,S-080,196,Handy,Playlist
E-02342,2026-04-08,Mittwoch,09:10,U-0103,S-062,302,Handy,Playlist
E-02343,2026-04-08,Mittwoch,09:21,U-0052,S-041,189,Handy,Autoplay
E-02344,2026-04-08,Mittwoch,11:38,U-0157,S-068,235,Desktop,Playlist
E-02345,2026-04-08,Mittwoch,11:53,U-0111,S-016,205,Desktop,Playlist
E-02346,2026-04-08,Mittwoch,13:12,U-0102,s-096,66,Tablet,Playlist
E-02347,2026-04-08,Mittwoch,13:33,U-0166,S-002,36,Desktop,Album
E-02348,2026-04-08,Mittwoch,14:34,U-0194,S-031,149,Desktop,Playlist
E-02349,2026-04-08,Mittwoch,15:26,U-0057,S-021,223,,Suche
E-02350,2026-04-08,Mittwoch,15:42,U-0099,S-078,3,Handy,Autoplay
E-02351,2026-04-08,Mittwoch,15:50,U-0051,S-011,164,Desktop,Playlist
E-02352,2026-04-08,Mittwoch,16:10,U-0087,S-027,111,Desktop,Autoplay
E-02353,2026-04-08,Mittwoch,17:36,,S-057,308,Handy,Playlist
E-02354,2026-04-08,Mittwoch,17:59,U-0025,S-031,4,Handy,Autoplay
E-02355,2026-04-08,Mittwoch,18:19,U-0135,S-046,273,Handy,Playlist
E-02356,2026-04-08,Mittwoch,18:22,U-0060,S-024,22,Smart Speaker,Playlist
E-02357,2026-04-08,Mittwoch,18:40,U-0105,s-078,5,Tablet,Suche
E-02358,2026-04-08,Mittwoch,18:47,U-0047,S-062,177,Handy,Playlist
E-02359,2026-04-08,Mittwoch,18:51,U-0141,S-024,91,Handy,Playlist
E-02360,2026-04-08,Mittwoch,18:58,U-0049,s-091,184,Tablet,Album
E-02361,2026-04-08,Mittwoch,19:29,U-0105,S-108,262,Smart Speaker,Suche
E-02362,2026-04-08,Mittwoch,20:03,U-0001,s-038,207,Tablet,Playlist
E-02363,2026-04-08,Mittwoch,20:07,U-0010,S-064,202,Handy,Playlist
E-02364,2026-04-08,Mittwoch,20:37,U-0032,s-041,189,Tablet,Album
E-02365,2026-04-08,Mittwoch,20:47,U-0046,s-064,45,Tablet,Playlist
E-02366,2026-04-08,Mittwoch,21:13,U-0049,S-062,302,Smart Speaker,Suche
E-02367,2026-04-08,Mittwoch,22:20,U-0073,S-002,152,Smart Speaker,Suche
E-02368,2026-04-08,Mittwoch,22:44,U-0060,S-031,242,Smart Speaker,Playlist
E-02369,2026-04-08,Mittwoch,23:57,U-0170,S-064,150,Desktop,Suche
E-02370,2026-04-09,Donnerstag,07:14,U-0037,S-021,223,handy,Suche
E-02371,2026-04-09,Donnerstag,07:22,U-0062,S-026,94,Handy,Suche
E-02372,2026-04-09,Donnerstag,07:59,U-0038,S-064,241,Handy,Playlist
E-02373,2026-04-09,Donnerstag,08:16,U-0021,S-031,21,Handy,Suche
E-02374,2026-04-09,Donnerstag,09:34,U-0156,S-096,196,Smart Speaker,Autoplay
E-02375,2026-04-09,Donnerstag,12:12,U-0152,S-107,284,Desktop,Playlist
E-02376,2026-04-09,Donnerstag,13:17,U-0192,S-013,174,Desktop,Album
E-02377,2026-04-09,Donnerstag,13:29,U-0111,s-069,5,Tablet,Album
E-02378,2026-04-09,Donnerstag,14:55,U-0037,S-072,11,Smartphone,Playlist
E-02379,2026-04-09,Donnerstag,15:05,U-0155,S-041,189,Handy,Autoplay
E-02380,2026-04-09,Donnerstag,16:48,U-0186,S-020,28,,Suche
E-02381,2026-04-09,Donnerstag,17:00,U-0041,S-012,185,Desktop,Album
E-02382,2026-04-09,Donnerstag,17:06,U-0047,S-023,173,Handy,Album
E-02383,2026-04-09,Donnerstag,17:35,U-0107,S-004,156,Smart Speaker,Album
E-02384,2026-04-09,Donnerstag,18:00,U-0002,s-109,46,Tablet,Suche
E-02385,2026-04-09,Donnerstag,18:43,U-0094,S-031,119,Handy,Playlist
E-02386,2026-04-09,Donnerstag,19:06,U-0058,S-086,5,Handy,Autoplay
E-02387,2026-04-09,Donnerstag,19:17,U-0118,S-072,296,Handy,Album
E-02388,2026-04-09,Donnerstag,19:38,U-0023,S-004,156,handy,Playlist
E-02389,2026-04-09,Donnerstag,19:55,U-0038,S-021,7,Handy,Playlist
E-02390,2026-04-09,Donnerstag,19:58,U-0199,S-064,206,Smart Speaker,Suche
E-02391,2026-04-09,Donnerstag,20:10,U-0107,S-037,226,Smart Speaker,Album
E-02392,2026-04-09,Donnerstag,20:38,U-0160,S-041,189,Handy,Album
E-02393,2026-04-09,Donnerstag,20:50,U-0021,S-041,189,Smart Speaker,Suche
E-02394,2026-04-09,Donnerstag,21:05,U-0084,S-066,4,Smart Speaker,Autoplay
E-02395,2026-04-09,Donnerstag,21:08,U-0151,S-041,14,Handy,Suche
E-02396,2026-04-09,Donnerstag,21:12,U-0063,s-062,302,Tablet,Autoplay
E-02397,2026-04-09,Donnerstag,21:52,U-0089,S-047,15,Smart Speaker,Autoplay
E-02398,2026-04-10,Freitag,00:04,U-0063,S-064,241,Smart Speaker,Playlist
E-02399,2026-04-10,Freitag,03:25,U-0124,S-002,152,Handy,Playlist
E-02400,2026-04-10,Freitag,06:13,U-0025,S-079,3,Handy,Autoplay
E-02401,2026-04-10,Freitag,06:17,U-0049,S-026,175,Handy,Album
E-02402,2026-04-10,Freitag,07:17,U-0051,S-050,332,Handy,Suche
E-02403,2026-04-10,Freitag,07:17,U-0132,S-078,208,Handy,Album
E-02404,2026-04-10,Freitag,07:22,U-0123,S-109,18,Handy,Playlist
E-02405,2026-04-10,Freitag,07:34,U-0102,S-041,23,Handy,Playlist
E-02406,2026-04-10,Freitag,07:55,U-0250,s-105,202,Tablet,Autoplay
E-02407,2026-04-10,Freitag,07:58,U-0141,S-032,36,Handy,Album
E-02408,2026-04-10,Freitag,08:13,U-0033,S-079,22,Handy,Autoplay
E-02409,2026-04-10,Freitag,08:37,U-0164,S-003,181,,Playlist
E-02410,2026-04-10,Freitag,10:49,U-0049,S-031,242,Handy,Suche
E-02411,2026-04-10,Freitag,10:50,U-0102,S-036,194,Handy,Suche
E-02412,2026-04-10,Freitag,10:55,U-0085,S-088,237,Handy,Playlist
E-02413,2026-04-10,Freitag,11:14,U-0176,S-011,122,Handy,Album
E-02414,2026-04-10,Freitag,11:31,U-0021,S-041,189,Desktop,Playlist
E-02415,2026-04-10,Freitag,12:27,U-0063,S-090,186,Handy,Autoplay
E-02416,2026-04-10,Freitag,14:44,U-0144,S-026,15,Smart Speaker,Album
E-02417,2026-04-10,Freitag,15:30,U-0010,S-064,29,Handy,Album
E-02418,2026-04-10,Freitag,16:01,U-0054,S-031,216,Handy,Playlist
E-02419,2026-04-10,Freitag,16:13,U-0151,S-031,13,Handy,Album
E-02420,2026-04-10,Freitag,17:04,U-0140,S-103,232,Smart Speaker,Playlist
E-02421,2026-04-10,Freitag,17:44,U-0118,s-103,257,Tablet,Suche
E-02422,2026-04-10,Freitag,18:01,U-0096,S-041,41,Handy,Autoplay
E-02423,2026-04-10,Freitag,18:06,U-0008,s-022,157,Tablet,Playlist
E-02424,2026-04-10,Freitag,18:11,U-0010,S-062,302,Handy,Suche
E-02425,2026-04-10,Freitag,18:20,U-0063,S-096,196,Smart Speaker,Autoplay
E-02426,2026-04-10,Freitag,18:37,U-0135,s-061,275,Tablet,Playlist
E-02427,2026-04-10,Freitag,19:00,U-0048,S-078,208,Handy,Suche
E-02428,2026-04-10,Freitag,19:29,U-0031,S-046,273,Smart Speaker,Album
E-02429,2026-04-10,Freitag,19:33,U-0186,S-053,248,Desktop,Playlist
E-02430,2026-04-10,Freitag,19:40,U-0160,S-041,4,Handy,Album
E-02431,2026-04-10,Freitag,19:44,U-0063,S-011,51,Smart Speaker,Autoplay
E-02432,2026-04-10,Freitag,19:46,U-0103,S-114,416,Handy,Suche
E-02433,2026-04-10,Freitag,20:32,U-0173,S-012,122,Handy,Playlist
E-02434,2026-04-10,Freitag,20:41,U-0108,S-062,27,Handy,Autoplay
E-02435,2026-04-10,Freitag,21:22,U-0030,S-109,16,Desktop,Album
E-02436,2026-04-10,Freitag,21:25,,S-081,362,,Playlist
E-02437,2026-04-10,Freitag,21:27,U-0195,S-021,223,Handy,Suche
E-02438,2026-04-10,Freitag,21:58,U-0063,S-056,32,Smart Speaker,Playlist
E-02439,2026-04-10,Freitag,22:01,U-0151,s-114,268,Tablet,Playlist
E-02440,2026-04-10,Freitag,22:08,U-0077,s-024,163,Tablet,Album
E-02441,2026-04-10,Freitag,22:25,U-0124,s-062,302,Tablet,Playlist
E-02442,2026-04-11,Samstag,00:01,U-0078,S-021,23,Handy,Playlist
E-02443,2026-04-11,Samstag,03:39,U-0049,S-036,76,Smart Speaker,Playlist
E-02444,2026-04-11,Samstag,05:14,U-0182,S-041,175,Desktop,Album
E-02445,2026-04-11,Samstag,05:40,,S-011,164,Handy,Album
E-02446,2026-04-11,Samstag,06:01,U-0015,S-041,99,Smartphone,Album
E-02447,2026-04-11,Samstag,07:05,U-0199,S-105,202,Desktop,Autoplay
E-02448,2026-04-11,Samstag,07:07,U-0107,S-078,18,Handy,Autoplay
E-02449,2026-04-11,Samstag,07:25,U-0073,S-119,312,Handy,Playlist
E-02450,2026-04-11,Samstag,07:37,U-0063,S-064,10,Handy,Autoplay
E-02451,2026-04-11,Samstag,07:38,U-0099,S-026,245,Handy,Album
E-02452,2026-04-11,Samstag,07:40,U-0178,S-031,242,Handy,Playlist
E-02453,2026-04-11,Samstag,07:57,U-0063,S-062,46,Handy,Autoplay
E-02454,2026-04-11,Samstag,08:11,U-0049,S-031,242,Handy,Playlist
E-02455,2026-04-11,Samstag,08:38,U-0079,S-056,19,Handy,Autoplay
E-02456,2026-04-11,Samstag,08:44,U-0010,S-096,196,Handy,Suche
E-02457,2026-04-11,Samstag,08:48,U-0063,S-090,70,Handy,Playlist
E-02458,2026-04-11,Samstag,08:52,U-0199,S-004,156,Smart Speaker,Playlist
E-02459,2026-04-11,Samstag,09:34,U-0058,S-032,118,Handy,Playlist
E-02460,2026-04-11,Samstag,09:51,,S-100,223,,Playlist
E-02461,2026-04-11,Samstag,10:24,U-0152,S-097,15,,Playlist
E-02462,2026-04-11,Samstag,10:30,U-0175,S-064,28,Smart Speaker,Album
E-02463,2026-04-11,Samstag,10:57,U-0088,S-011,164,Desktop,Suche
E-02464,2026-04-11,Samstag,11:41,U-0023,s-041,50,Tablet,Playlist
E-02465,2026-04-11,Samstag,12:15,U-0041,S-109,317,Handy,Suche
E-02466,2026-04-11,Samstag,12:43,U-0063,S-004,156,Desktop,Playlist
E-02467,2026-04-11,Samstag,12:44,U-0063,S-057,4,Handy,Playlist
E-02468,2026-04-11,Samstag,13:42,,S-011,164,Desktop,Album
E-02469,2026-04-11,Samstag,14:38,U-0078,S-014,201,Handy,Autoplay
E-02470,2026-04-11,Samstag,14:46,U-0084,s-105,202,Tablet,Playlist
E-02471,2026-04-11,Samstag,15:43,U-0103,S-021,74,Desktop,Playlist
E-02472,2026-04-11,Samstag,15:59,U-0104,S-016,205,Desktop,Album
E-02473,2026-04-11,Samstag,17:09,U-0250,S-026,245,Smart Speaker,Autoplay
E-02474,2026-04-11,Samstag,17:21,U-0151,s-078,126,Tablet,Album
E-02475,2026-04-11,Samstag,18:19,U-0127,S-098,36,Smart Speaker,Playlist
E-02476,2026-04-11,Samstag,19:09,U-0103,S-082,18,Handy,Autoplay
E-02477,2026-04-11,Samstag,19:26,U-0072,S-046,83,Smart Speaker,Autoplay
E-02478,2026-04-11,Samstag,19:29,U-0045,s-042,189,Tablet,Autoplay
E-02479,2026-04-11,Samstag,19:40,,S-026,204,,Suche
E-02480,2026-04-11,Samstag,20:15,U-0066,S-116,51,Smart Speaker,Playlist
E-02481,2026-04-11,Samstag,20:39,U-0167,S-041,189,Smart Speaker,Playlist
E-02482,2026-04-11,Samstag,21:16,U-0038,S-078,208,Handy,Suche
E-02483,2026-04-11,Samstag,22:48,,S-031,19,Smart Speaker,Playlist
E-02484,2026-04-11,Samstag,23:12,U-0168,S-032,40,Smart Speaker,Album
E-02485,2026-04-11,Samstag,23:26,U-0010,S-078,159,Handy,Playlist
E-02486,2026-04-12,Sonntag,05:33,U-0054,s-002,10,Tablet,Album
E-02487,2026-04-12,Sonntag,06:39,U-0063,S-064,241,Handy,Album
E-02488,2026-04-12,Sonntag,06:48,U-0059,S-043,157,Handy,Suche
E-02489,2026-04-12,Sonntag,08:10,U-0101,S-082,9999,Desktop,Playlist
E-02490,2026-04-12,Sonntag,08:35,U-0151,S-079,237,handy,Playlist
E-02491,2026-04-12,Sonntag,08:35,U-0182,S-023,173,Smart Speaker,Playlist
E-02492,2026-04-12,Sonntag,08:42,U-0111,S-024,221,Handy,Playlist
E-02493,2026-04-12,Sonntag,08:44,U-0070,S-047,86,Desktop,Album
E-02494,2026-04-12,Sonntag,08:46,U-0062,S-044,108,Handy,Autoplay
E-02495,2026-04-12,Sonntag,09:19,U-0003,s-031,21,Tablet,Playlist
E-02496,2026-04-12,Sonntag,10:26,U-0160,S-105,202,Smart Speaker,Playlist
E-02497,2026-04-12,Sonntag,11:34,U-0041,S-081,362,Handy,Album
E-02498,2026-04-12,Sonntag,12:20,U-0127,S-002,72,Handy,Album
E-02499,2026-04-12,Sonntag,12:47,U-0108,S-057,53,Handy,Suche
E-02500,2026-04-12,Sonntag,13:03,U-0068,S-036,118,Handy,Suche
E-02501,2026-04-12,Sonntag,14:14,U-0049,s-031,242,Tablet,Album
E-02502,2026-04-12,Sonntag,14:34,U-0031,S-004,156,Handy,Autoplay
E-02503,2026-04-12,Sonntag,14:42,U-0149,s-094,211,Tablet,Suche
E-02504,2026-04-12,Sonntag,14:56,U-0040,S-074,26,Handy,Playlist
E-02505,2026-04-12,Sonntag,16:41,U-0095,S-011,21,Handy,Suche
E-02506,2026-04-12,Sonntag,16:54,U-0058,S-033,241,Desktop,Playlist
E-02507,2026-04-12,Sonntag,17:44,U-0053,S-022,157,Smart Speaker,Suche
E-02508,2026-04-12,Sonntag,18:53,U-0038,S-011,164,Handy,Album
E-02509,2026-04-12,Sonntag,19:24,U-0112,S-011,164,Handy,Suche
E-02510,2026-04-12,Sonntag,19:27,U-0104,S-031,242,Desktop,Autoplay
E-02511,2026-04-12,Sonntag,19:58,U-0037,S-002,152,Handy,Playlist
E-02512,2026-04-12,Sonntag,20:04,U-0070,S-002,152,Handy,Playlist
E-02513,2026-04-12,Sonntag,20:10,U-0153,s-041,189,Tablet,Suche
E-02514,2026-04-12,Sonntag,20:41,U-0070,s-002,16,Tablet,Playlist
E-02515,2026-04-12,Sonntag,21:07,U-0111,S-031,189,Smart Speaker,Autoplay
E-02516,2026-04-12,Sonntag,21:44,U-0064,S-116,24,Handy,Suche
E-02517,2026-04-12,Sonntag,22:35,U-0110,S-096,29,Smart Speaker,Autoplay
E-02518,2026-04-12,Sonntag,22:36,U-0199,S-031,10,Smart Speaker,Autoplay
E-02519,2026-04-12,Sonntag,22:47,U-0088,S-078,8,Smart Speaker,Suche
E-02520,2026-04-13,Montag,07:11,U-0111,S-073,223,Smart Speaker,Autoplay
E-02521,2026-04-13,Montag,07:16,U-0010,S-011,164,Handy,Album
E-02522,2026-04-13,Montag,07:34,U-0043,s-110,444,Tablet,Playlist
E-02523,2026-04-13,Montag,07:35,U-0025,S-088,9,Handy,Playlist
E-02524,2026-04-13,Montag,08:09,U-0118,S-114,416,Handy,Playlist
E-02525,2026-04-13,Montag,11:23,,S-014,72,Desktop,Autoplay
E-02526,2026-04-13,Montag,11:44,U-0138,S-103,171,Handy,Playlist
E-02527,2026-04-13,Montag,12:03,U-0181,S-105,202,Desktop,Playlist
E-02528,2026-04-13,Montag,12:38,U-0073,S-078,208,Desktop,Autoplay
E-02529,2026-04-13,Montag,12:50,U-0104,S-031,242,Handy,Suche
E-02530,2026-04-13,Montag,16:06,U-0010,S-107,301,Desktop,Playlist
E-02531,2026-04-13,Montag,16:28,U-0017,S-032,239,Desktop,Suche
E-02532,2026-04-13,Montag,17:02,U-0063,s-041,6,Tablet,Album
E-02533,2026-04-13,Montag,17:03,U-0097,S-070,319,Handy,Autoplay
E-02534,2026-04-13,Montag,18:38,U-0152,S-005,205,Desktop,Album
E-02535,2026-04-13,Montag,18:50,U-0185,s-002,152,Tablet,Autoplay
E-02536,2026-04-13,Montag,19:34,U-0147,S-002,23,Desktop,Playlist
E-02537,2026-04-13,Montag,20:07,U-0150,s-088,186,Tablet,Suche
E-02538,2026-04-13,Montag,20:24,U-0071,S-074,8,Smart Speaker,Playlist
E-02539,2026-04-13,Montag,20:30,U-0061,S-102,230,Handy,Playlist
E-02540,2026-04-13,Montag,20:37,U-0105,S-078,18,Smart Speaker,Playlist
E-02541,2026-04-13,Montag,20:42,U-0001,s-057,308,Tablet,Playlist
E-02542,2026-04-13,Montag,20:45,U-0132,S-004,156,Smart Speaker,Album
E-02543,2026-04-13,Montag,21:09,U-0176,s-096,196,Tablet,Playlist
E-02544,2026-04-14,Dienstag,06:10,U-0112,s-036,18,Tablet,Album
E-02545,2026-04-14,Dienstag,06:20,U-0058,S-002,152,Desktop,Playlist
E-02546,2026-04-14,Dienstag,07:24,U-0058,S-044,160,Handy,Album
E-02547,2026-04-14,Dienstag,07:26,U-0026,S-041,71,Handy,Album
E-02548,2026-04-14,Dienstag,08:18,U-0049,S-002,65,Handy,Playlist
E-02549,2026-04-14,Dienstag,08:23,U-0079,S-064,241,Handy,Album
E-02550,2026-04-14,Dienstag,08:32,U-0022,S-047,124,Handy,Playlist
E-02551,2026-04-14,Dienstag,08:33,U-0069,S-041,189,Smart Speaker,Playlist
E-02552,2026-04-14,Dienstag,11:10,U-0010,S-016,205,Handy,Playlist
E-02553,2026-04-14,Dienstag,11:21,U-0031,S-069,313,,Playlist
E-02554,2026-04-14,Dienstag,11:47,U-0103,S-072,16,Handy,Playlist
E-02555,2026-04-14,Dienstag,12:49,U-0151,S-002,14,Handy,Autoplay
E-02556,2026-04-14,Dienstag,13:41,U-0049,S-085,201,Desktop,Playlist
E-02557,2026-04-14,Dienstag,14:21,U-0183,s-044,160,Tablet,Suche
E-02558,2026-04-14,Dienstag,14:53,U-0176,S-111,108,Handy,Playlist
E-02559,2026-04-14,Dienstag,16:18,U-0063,S-064,241,Handy,Playlist
E-02560,2026-04-14,Dienstag,16:21,U-0103,S-077,174,Handy,Album
E-02561,2026-04-14,Dienstag,16:39,U-0104,S-078,22,Desktop,Autoplay
E-02562,2026-04-14,Dienstag,17:27,U-0117,S-057,308,,Playlist
E-02563,2026-04-14,Dienstag,17:32,,S-026,245,Handy,Autoplay
E-02564,2026-04-14,Dienstag,18:19,U-0155,S-100,20,Handy,Autoplay
E-02565,2026-04-14,Dienstag,19:08,U-0058,S-044,124,Handy,Autoplay
E-02566,2026-04-14,Dienstag,19:36,U-0170,s-001,28,Tablet,Autoplay
E-02567,2026-04-14,Dienstag,19:44,U-0066,S-079,237,handy,Album
E-02568,2026-04-14,Dienstag,19:55,U-0123,S-058,52,Smart Speaker,Playlist
E-02569,2026-04-14,Dienstag,20:22,U-0059,S-059,9999,Smart Speaker,Autoplay
E-02570,2026-04-14,Dienstag,20:41,U-0176,s-031,242,Tablet,Album
E-02571,2026-04-14,Dienstag,21:00,U-0023,S-110,17,Smart Speaker,Autoplay
E-02572,2026-04-14,Dienstag,21:50,U-0063,S-064,241,Handy,Playlist
E-02573,2026-04-14,Dienstag,23:20,U-0170,S-041,189,Handy,Album
E-02574,2026-04-14,Dienstag,23:33,U-0099,S-112,24,Desktop,Autoplay
E-02575,2026-04-15,Mittwoch,05:10,U-0058,S-062,302,Desktop,Suche
E-02576,2026-04-15,Mittwoch,06:06,U-0061,S-064,11,Handy,Playlist
E-02577,2026-04-15,Mittwoch,07:30,U-0187,S-002,152,Smart Speaker,Album
E-02578,2026-04-15,Mittwoch,07:47,U-0124,S-002,152,Handy,Autoplay
E-02579,2026-04-15,Mittwoch,08:44,U-0199,S-002,12,Handy,Suche
E-02580,2026-04-15,Mittwoch,09:30,U-0167,S-086,142,Handy,Suche
E-02581,2026-04-15,Mittwoch,09:42,U-0031,S-078,208,Desktop,Suche
E-02582,2026-04-15,Mittwoch,10:12,U-0070,S-064,103,Smart Speaker,Playlist
E-02583,2026-04-15,Mittwoch,12:44,,S-035,169,Handy,Playlist
E-02584,2026-04-15,Mittwoch,13:04,U-0077,S-062,302,Desktop,Suche
E-02585,2026-04-15,Mittwoch,13:24,U-0107,S-062,24,Smart Speaker,Playlist
E-02586,2026-04-15,Mittwoch,15:02,U-0031,S-078,79,Desktop,Autoplay
E-02587,2026-04-15,Mittwoch,16:45,U-0097,S-007,210,Handy,Playlist
E-02588,2026-04-15,Mittwoch,17:16,U-0093,S-078,48,Handy,Playlist
E-02589,2026-04-15,Mittwoch,17:22,U-0064,S-105,11,Desktop,Playlist
E-02590,2026-04-15,Mittwoch,17:28,U-0078,S-054,149,Handy,Autoplay
E-02591,2026-04-15,Mittwoch,17:58,U-0040,s-117,331,Tablet,Album
E-02592,2026-04-15,Mittwoch,18:28,U-0107,S-064,241,Smart Speaker,Playlist
E-02593,2026-04-15,Mittwoch,18:58,U-0111,S-002,152,Desktop,Playlist
E-02594,2026-04-15,Mittwoch,19:02,U-0015,S-059,237,Handy,Playlist
E-02595,2026-04-15,Mittwoch,19:02,U-0014,S-081,362,Desktop,Autoplay
E-02596,2026-04-15,Mittwoch,19:20,U-0021,S-061,23,Handy,Autoplay
E-02597,2026-04-15,Mittwoch,19:35,U-0024,s-035,117,Tablet,Playlist
E-02598,2026-04-15,Mittwoch,19:53,U-0199,S-047,264,Handy,Album
E-02599,2026-04-15,Mittwoch,20:20,U-0117,s-051,261,Tablet,Suche
E-02600,2026-04-15,Mittwoch,20:49,U-0165,S-086,339,Handy,Album
E-02601,2026-04-15,Mittwoch,21:49,U-0102,S-062,302,Handy,Suche
E-02602,2026-04-15,Mittwoch,22:22,U-0110,S-106,271,Desktop,Playlist
E-02603,2026-04-15,Mittwoch,22:40,U-0179,S-116,312,Handy,Playlist
E-02604,2026-04-15,Mittwoch,22:41,U-0022,s-036,92,Tablet,Autoplay
E-02605,2026-04-15,Mittwoch,22:44,U-0120,S-088,16,Handy,Playlist
E-02606,2026-04-15,Mittwoch,22:45,U-0039,S-043,157,Desktop,Autoplay
E-02607,2026-04-15,Mittwoch,22:58,U-0026,S-036,194,Handy,Album
E-02608,2026-04-16,Donnerstag,01:07,U-0031,s-081,362,Tablet,Playlist
E-02609,2026-04-16,Donnerstag,05:50,U-0089,S-053,248,Handy,Album
E-02610,2026-04-16,Donnerstag,06:52,U-0162,s-004,156,Tablet,Playlist
E-02611,2026-04-16,Donnerstag,07:24,U-0002,S-031,26,Desktop,Autoplay
E-02612,2026-04-16,Donnerstag,07:37,U-0033,S-070,264,Handy,Playlist
E-02613,2026-04-16,Donnerstag,07:44,U-0133,S-018,25,Handy,Autoplay
E-02614,2026-04-16,Donnerstag,07:55,U-0045,S-041,111,Handy,Playlist
E-02615,2026-04-16,Donnerstag,07:58,U-0038,S-083,20,Smart Speaker,Autoplay
E-02616,2026-04-16,Donnerstag,08:00,U-0188,S-055,142,Handy,Playlist
E-02617,2026-04-16,Donnerstag,08:55,U-0038,S-010,158,Handy,Playlist
E-02618,2026-04-16,Donnerstag,09:11,U-0081,S-019,14,Desktop,Playlist
E-02619,2026-04-16,Donnerstag,09:22,U-0005,S-002,152,Handy,Playlist
E-02620,2026-04-16,Donnerstag,10:34,U-0063,S-110,444,Desktop,Album
E-02621,2026-04-16,Donnerstag,10:48,U-0185,S-048,15,Smart Speaker,Autoplay
E-02622,2026-04-16,Donnerstag,13:30,U-0071,S-011,24,Handy,Playlist
E-02623,2026-04-16,Donnerstag,13:53,U-0128,S-057,308,Handy,Suche
E-02624,2026-04-16,Donnerstag,14:12,U-0196,s-084,205,Tablet,Album
E-02625,2026-04-16,Donnerstag,15:55,U-0105,S-011,164,Desktop,Playlist
E-02626,2026-04-16,Donnerstag,16:18,U-0080,S-041,189,Desktop,Autoplay
E-02627,2026-04-16,Donnerstag,17:08,U-0117,s-001,11,Tablet,Autoplay
E-02628,2026-04-16,Donnerstag,17:44,U-0103,S-041,13,Smart Speaker,Autoplay
E-02629,2026-04-16,Donnerstag,18:06,U-0030,S-109,317,Handy,Autoplay
E-02630,2026-04-16,Donnerstag,18:36,U-0189,S-011,164,Handy,Playlist
E-02631,2026-04-16,Donnerstag,19:06,U-0009,S-066,260,Smart Speaker,Autoplay
E-02632,2026-04-16,Donnerstag,19:22,U-0058,S-100,256,Handy,Autoplay
E-02633,2026-04-16,Donnerstag,19:41,U-0151,S-092,3,Handy,Playlist
E-02634,2026-04-16,Donnerstag,20:34,U-0170,S-069,252,Smart Speaker,Playlist
E-02635,2026-04-16,Donnerstag,20:41,U-0127,S-004,156,Desktop,Album
E-02636,2026-04-16,Donnerstag,20:45,U-0147,S-064,16,Desktop,Playlist
E-02637,2026-04-16,Donnerstag,21:22,U-0062,S-103,257,Smart Speaker,Album
E-02638,2026-04-16,Donnerstag,22:01,U-0181,S-077,120,Desktop,Suche
E-02639,2026-04-16,Donnerstag,22:24,U-0064,S-103,24,Smart Speaker,Playlist
E-02640,2026-04-16,Donnerstag,22:55,U-0022,S-055,98,Smart Speaker,Autoplay
E-02641,2026-04-17,Freitag,05:38,U-0055,S-112,301,Handy,Playlist
E-02642,2026-04-17,Freitag,06:32,U-0023,S-026,14,Handy,Playlist
E-02643,2026-04-17,Freitag,06:54,U-0132,S-063,298,Handy,Album
E-02644,2026-04-17,Freitag,07:19,U-0176,S-092,98,Handy,Suche
E-02645,2026-04-17,Freitag,07:36,U-0190,S-049,221,Handy,Suche
E-02646,2026-04-17,Freitag,08:00,U-0132,S-064,16,Handy,Autoplay
E-02647,2026-04-17,Freitag,08:02,U-0173,S-041,23,Handy,Album
E-02648,2026-04-17,Freitag,08:18,U-0098,S-041,9999,Handy,Suche
E-02649,2026-04-17,Freitag,08:29,U-0002,S-064,241,Desktop,Playlist
E-02650,2026-04-17,Freitag,09:09,U-0014,S-021,223,Desktop,Suche
E-02651,2026-04-17,Freitag,10:42,U-0085,S-070,39,Handy,Suche
E-02652,2026-04-17,Freitag,11:28,U-0014,S-095,240,Desktop,Album
E-02653,2026-04-17,Freitag,11:45,U-0056,S-062,302,Desktop,Playlist
E-02654,2026-04-17,Freitag,12:59,U-0183,S-002,152,Desktop,Suche
E-02655,2026-04-17,Freitag,14:09,U-0052,S-064,15,Desktop,Autoplay
E-02656,2026-04-17,Freitag,16:30,U-0053,S-097,195,Smart Speaker,Playlist
E-02657,2026-04-17,Freitag,17:04,U-0045,s-029,158,Tablet,Autoplay
E-02658,2026-04-17,Freitag,17:20,U-0078,S-002,24,Handy,Suche
E-02659,2026-04-17,Freitag,18:02,U-0102,S-036,165,Desktop,Suche
E-02660,2026-04-17,Freitag,18:16,U-0063,s-002,152,Tablet,Album
E-02661,2026-04-17,Freitag,19:07,U-0014,s-001,223,Tablet,Album
E-02662,2026-04-17,Freitag,19:29,U-0145,s-026,94,Tablet,Playlist
E-02663,2026-04-17,Freitag,19:43,U-0191,s-096,182,Tablet,Playlist
E-02664,2026-04-17,Freitag,20:11,U-0014,s-103,8,Tablet,Playlist
E-02665,2026-04-17,Freitag,20:58,U-0179,S-114,416,,Playlist
E-02666,2026-04-17,Freitag,21:04,U-0042,s-020,162,Tablet,Autoplay
E-02667,2026-04-17,Freitag,21:16,U-0049,S-031,242,Desktop,Playlist
E-02668,2026-04-17,Freitag,21:38,U-0140,S-036,23,Smart Speaker,Autoplay
E-02669,2026-04-17,Freitag,21:42,U-0139,S-100,256,Desktop,Playlist
E-02670,2026-04-17,Freitag,22:00,U-0193,s-096,196,Tablet,Suche
E-02671,2026-04-17,Freitag,22:05,U-0152,S-002,152,Desktop,Playlist
E-02672,2026-04-17,Freitag,22:23,U-0052,s-093,211,Tablet,Playlist
E-02673,2026-04-18,Samstag,06:08,U-0176,S-088,129,Handy,Playlist
E-02674,2026-04-18,Samstag,06:24,U-0080,S-058,327,Handy,Suche
E-02675,2026-04-18,Samstag,07:01,U-0023,S-031,55,Handy,Album
E-02676,2026-04-18,Samstag,07:13,U-0156,S-085,253,Handy,Album
E-02677,2026-04-18,Samstag,07:20,U-0072,S-100,29,Handy,Playlist
E-02678,2026-04-18,Samstag,07:30,U-0072,S-096,196,Handy,Suche
E-02679,2026-04-18,Samstag,07:42,U-0140,S-082,19,Handy,Playlist
E-02680,2026-04-18,Samstag,08:03,U-0145,S-078,105,Handy,Autoplay
E-02681,2026-04-18,Samstag,08:07,U-0200,S-107,186,Handy,Album
E-02682,2026-04-18,Samstag,08:21,U-0013,S-086,339,Smartphone,Suche
E-02683,2026-04-18,Samstag,08:27,U-0160,S-015,160,Handy,Album
E-02684,2026-04-18,Samstag,08:32,U-0178,S-015,21,Smart Speaker,Autoplay
E-02685,2026-04-18,Samstag,09:21,U-0107,S-095,240,Handy,Autoplay
E-02686,2026-04-18,Samstag,09:35,U-0010,S-031,132,Handy,Playlist
E-02687,2026-04-18,Samstag,09:36,U-0047,S-114,4,Handy,Playlist
E-02688,2026-04-18,Samstag,09:38,U-0135,s-064,241,Tablet,Suche
E-02689,2026-04-18,Samstag,10:51,U-0060,S-082,9,Smartphone,Album
E-02690,2026-04-18,Samstag,12:06,U-0045,s-002,25,Tablet,Playlist
E-02691,2026-04-18,Samstag,12:38,U-0032,S-078,7,Handy,Suche
E-02692,2026-04-18,Samstag,12:51,U-0058,S-070,319,Smart Speaker,Autoplay
E-02693,2026-04-18,Samstag,14:05,U-0107,S-011,164,Handy,Autoplay
E-02694,2026-04-18,Samstag,14:15,U-0146,S-038,207,,Autoplay
E-02695,2026-04-18,Samstag,14:20,U-0153,s-002,152,Tablet,Playlist
E-02696,2026-04-18,Samstag,15:19,U-0118,S-064,241,Desktop,Autoplay
E-02697,2026-04-18,Samstag,15:40,U-0151,S-038,172,Desktop,Playlist
E-02698,2026-04-18,Samstag,15:48,U-0146,S-002,152,Handy,Playlist
E-02699,2026-04-18,Samstag,16:25,U-0106,S-109,29,Smart Speaker,Autoplay
E-02700,2026-04-18,Samstag,16:47,U-0108,S-089,187,,Autoplay
E-02701,2026-04-18,Samstag,16:52,U-0119,S-083,200,Handy,Playlist
E-02702,2026-04-18,Samstag,17:06,U-0010,S-096,196,Handy,Playlist
E-02703,2026-04-18,Samstag,17:14,U-0124,s-002,152,Tablet,Playlist
E-02704,2026-04-18,Samstag,18:47,U-0128,S-086,130,Handy,Playlist
E-02705,2026-04-18,Samstag,19:04,,s-002,152,Tablet,Playlist
E-02706,2026-04-18,Samstag,19:15,U-0164,S-103,69,Smart Speaker,Autoplay
E-02707,2026-04-18,Samstag,19:45,U-0011,S-070,319,Handy,Playlist
E-02708,2026-04-18,Samstag,19:52,U-0102,S-011,164,Handy,Autoplay
E-02709,2026-04-18,Samstag,20:08,U-0152,S-064,167,Handy,Autoplay
E-02710,2026-04-18,Samstag,20:12,U-0007,S-002,152,Handy,Playlist
E-02711,2026-04-18,Samstag,20:17,U-0035,S-066,28,Handy,Playlist
E-02712,2026-04-18,Samstag,20:42,U-0058,S-031,227,Desktop,Autoplay
E-02713,2026-04-18,Samstag,20:49,U-0056,s-086,37,Tablet,Autoplay
E-02714,2026-04-18,Samstag,20:58,U-0166,S-073,205,Desktop,Playlist
E-02715,2026-04-18,Samstag,21:00,U-0176,s-078,208,Tablet,Playlist
E-02716,2026-04-18,Samstag,21:33,U-0038,s-078,208,Tablet,Playlist
E-02717,2026-04-18,Samstag,22:26,U-0143,s-011,164,Tablet,Playlist
E-02718,2026-04-18,Samstag,22:50,U-0163,S-103,26,Smart Speaker,Autoplay
E-02719,2026-04-18,Samstag,22:59,U-0199,S-096,55,handy,Autoplay
E-02720,2026-04-18,Samstag,23:26,U-0084,S-016,205,Desktop,Album
E-02721,2026-04-18,Samstag,23:27,U-0031,S-005,172,Smart Speaker,Playlist
E-02722,2026-04-19,Sonntag,01:22,U-0183,S-014,19,Desktop,Autoplay
E-02723,2026-04-19,Sonntag,04:59,U-0087,S-101,18,Smart Speaker,Autoplay
E-02724,2026-04-19,Sonntag,06:01,U-0111,S-066,21,Handy,Playlist
E-02725,2026-04-19,Sonntag,06:49,U-0038,S-031,242,Handy,Suche
E-02726,2026-04-19,Sonntag,07:10,U-0029,S-096,121,Handy,Autoplay
E-02727,2026-04-19,Sonntag,07:22,U-0086,S-108,367,Handy,Playlist
E-02728,2026-04-19,Sonntag,07:34,U-0102,s-009,28,Tablet,Playlist
E-02729,2026-04-19,Sonntag,07:55,U-0038,S-028,195,Handy,Suche
E-02730,2026-04-19,Sonntag,08:09,U-0026,S-090,239,Desktop,Album
E-02731,2026-04-19,Sonntag,08:12,U-0054,S-064,106,Handy,Playlist
E-02732,2026-04-19,Sonntag,08:29,U-0093,S-103,7,Handy,Playlist
E-02733,2026-04-19,Sonntag,09:03,U-0102,S-020,162,Handy,Playlist
E-02734,2026-04-19,Sonntag,09:21,U-0155,S-011,7,Handy,Album
E-02735,2026-04-19,Sonntag,10:08,U-0021,s-021,223,Tablet,Suche
E-02736,2026-04-19,Sonntag,10:35,U-0014,S-064,241,Smart Speaker,Autoplay
E-02737,2026-04-19,Sonntag,12:22,U-0049,S-015,160,Handy,Album
E-02738,2026-04-19,Sonntag,12:28,U-0017,S-020,150,Handy,Suche
E-02739,2026-04-19,Sonntag,13:37,U-0023,S-002,152,Handy,Suche
E-02740,2026-04-19,Sonntag,13:42,U-0192,S-002,152,Handy,Playlist
E-02741,2026-04-19,Sonntag,13:56,U-0021,S-066,9,Desktop,Autoplay
E-02742,2026-04-19,Sonntag,14:14,U-0124,S-057,274,Handy,Playlist
E-02743,2026-04-19,Sonntag,14:29,U-0073,S-096,196,Handy,Album
E-02744,2026-04-19,Sonntag,14:34,U-0103,s-074,94,Tablet,Playlist
E-02745,2026-04-19,Sonntag,14:59,U-0014,S-088,237,Smart Speaker,Playlist
E-02746,2026-04-19,Sonntag,15:11,U-0039,S-105,4,Handy,Playlist
E-02747,2026-04-19,Sonntag,15:57,U-0103,S-074,281,Handy,Autoplay
E-02748,2026-04-19,Sonntag,16:09,U-0073,S-002,152,Handy,Playlist
E-02749,2026-04-19,Sonntag,16:49,U-0151,S-002,152,Handy,Playlist
E-02750,2026-04-19,Sonntag,16:51,U-0014,S-070,5,Desktop,Playlist
E-02751,2026-04-19,Sonntag,16:52,U-0002,S-050,112,Handy,Playlist
E-02752,2026-04-19,Sonntag,17:16,U-0143,S-076,359,Smart Speaker,Playlist
E-02753,2026-04-19,Sonntag,17:50,U-0176,S-035,169,Desktop,Autoplay
E-02754,2026-04-19,Sonntag,18:13,U-0176,s-041,89,Tablet,Playlist
E-02755,2026-04-19,Sonntag,19:08,U-0114,S-075,356,Handy,Playlist
E-02756,2026-04-19,Sonntag,19:29,U-0008,S-109,300,Desktop,Playlist
E-02757,2026-04-19,Sonntag,20:09,U-0199,S-051,88,Desktop,Album
E-02758,2026-04-19,Sonntag,20:12,U-0107,s-002,152,Tablet,Autoplay
E-02759,2026-04-19,Sonntag,20:43,U-0031,S-078,208,Desktop,Autoplay
E-02760,2026-04-19,Sonntag,21:27,U-0008,S-041,189,Smart Speaker,Autoplay
E-02761,2026-04-19,Sonntag,22:22,U-0031,S-087,354,Handy,Album
E-02762,2026-04-19,Sonntag,22:39,U-0021,S-064,241,Handy,Playlist
E-02763,2026-04-19,Sonntag,22:43,U-0023,S-103,31,Desktop,Playlist
E-02764,2026-04-19,Sonntag,23:15,U-0095,s-116,207,Tablet,Playlist
E-02765,2026-04-20,Montag,06:11,U-0011,S-011,164,Handy,Suche
E-02766,2026-04-20,Montag,06:19,U-0084,S-028,27,Handy,Autoplay
E-02767,2026-04-20,Montag,07:07,U-0108,s-031,242,Tablet,Autoplay
E-02768,2026-04-20,Montag,07:48,U-0125,s-002,123,Tablet,Playlist
E-02769,2026-04-20,Montag,08:22,U-0021,S-041,121,Handy,Playlist
E-02770,2026-04-20,Montag,09:30,U-0170,S-058,327,handy,Suche
E-02771,2026-04-20,Montag,09:50,U-0043,S-114,341,Handy,Autoplay
E-02772,2026-04-20,Montag,09:53,U-0077,S-029,170,Smartphone,Autoplay
E-02773,2026-04-20,Montag,11:41,U-0118,S-053,248,Desktop,Playlist
E-02774,2026-04-20,Montag,11:50,U-0076,S-096,196,Desktop,Suche
E-02775,2026-04-20,Montag,11:53,U-0091,S-041,91,Handy,Playlist
E-02776,2026-04-20,Montag,12:25,U-0163,S-021,223,,Playlist
E-02777,2026-04-20,Montag,12:26,U-0161,S-041,189,Handy,Suche
E-02778,2026-04-20,Montag,12:27,U-0063,S-003,181,Handy,Playlist
E-02779,2026-04-20,Montag,12:41,U-0007,S-011,164,Desktop,Playlist
E-02780,2026-04-20,Montag,12:56,U-0158,S-103,3,Handy,Playlist
E-02781,2026-04-20,Montag,13:23,U-0021,S-002,152,Handy,Suche
E-02782,2026-04-20,Montag,15:31,U-0152,s-062,302,Tablet,Playlist
E-02783,2026-04-20,Montag,15:37,U-0181,S-081,25,Handy,Album
E-02784,2026-04-20,Montag,15:38,U-0191,S-002,152,Desktop,Autoplay
E-02785,2026-04-20,Montag,16:18,U-0150,S-081,362,Handy,Album
E-02786,2026-04-20,Montag,16:54,U-0091,S-096,44,Desktop,Suche
E-02787,2026-04-20,Montag,17:31,U-0102,S-036,194,Handy,Playlist
E-02788,2026-04-20,Montag,17:51,U-0063,S-009,223,Desktop,Album
E-02789,2026-04-20,Montag,18:26,U-0184,S-070,25,Smart Speaker,Playlist
E-02790,2026-04-20,Montag,18:26,U-0112,S-002,152,Smart Speaker,Playlist
E-02791,2026-04-20,Montag,19:09,U-0083,S-036,194,Handy,Suche
E-02792,2026-04-20,Montag,19:15,U-0051,S-058,327,Handy,Autoplay
E-02793,2026-04-20,Montag,19:25,U-0011,S-115,72,Smart Speaker,Autoplay
E-02794,2026-04-20,Montag,19:40,U-0006,S-055,316,Desktop,Playlist
E-02795,2026-04-20,Montag,20:04,U-0166,S-012,212,Smart Speaker,Album
E-02796,2026-04-20,Montag,20:42,,s-064,39,Tablet,Playlist
E-02797,2026-04-20,Montag,20:54,U-0158,S-011,164,Handy,Album
E-02798,2026-04-20,Montag,22:11,U-0038,S-021,223,Handy,Playlist
E-02799,2026-04-20,Montag,22:19,U-0199,S-062,302,Smart Speaker,Album
E-02800,2026-04-20,Montag,22:28,U-0107,S-007,210,Smart Speaker,Playlist
E-02801,2026-04-20,Montag,22:50,U-0072,S-064,87,Handy,Suche
E-02802,2026-04-20,Montag,23:22,U-0049,S-011,164,Smart Speaker,Playlist
E-02803,2026-04-21,Dienstag,00:28,U-0051,s-085,253,Tablet,Autoplay
E-02804,2026-04-21,Dienstag,02:07,U-0058,S-060,142,Handy,Playlist
E-02805,2026-04-21,Dienstag,06:31,U-0158,S-033,6,Desktop,Autoplay
E-02806,2026-04-21,Dienstag,07:57,U-0127,S-041,189,Handy,Playlist
E-02807,2026-04-21,Dienstag,08:01,U-0088,S-096,196,Desktop,Suche
E-02808,2026-04-21,Dienstag,08:23,U-0073,S-001,223,Handy,Suche
E-02809,2026-04-21,Dienstag,08:37,U-0063,S-114,11,Desktop,Autoplay
E-02810,2026-04-21,Dienstag,08:43,U-0113,S-066,260,Handy,Playlist
E-02811,2026-04-21,Dienstag,09:28,U-0038,S-078,208,Desktop,Suche
E-02812,2026-04-21,Dienstag,14:03,U-0117,S-002,152,Smart Speaker,Autoplay
E-02813,2026-04-21,Dienstag,15:33,U-0108,S-003,181,Handy,Autoplay
E-02814,2026-04-21,Dienstag,16:06,U-0005,S-057,308,Handy,Autoplay
E-02815,2026-04-21,Dienstag,16:13,U-0075,S-011,164,Handy,Playlist
E-02816,2026-04-21,Dienstag,17:19,U-0188,S-090,239,Handy,Suche
E-02817,2026-04-21,Dienstag,17:51,U-0141,S-041,120,Smart Speaker,Autoplay
E-02818,2026-04-21,Dienstag,19:29,U-0124,s-095,240,Tablet,Playlist
E-02819,2026-04-21,Dienstag,19:59,U-0189,S-041,189,Handy,Playlist
E-02820,2026-04-21,Dienstag,20:27,U-0023,s-023,27,Tablet,Album
E-02821,2026-04-21,Dienstag,20:31,U-0032,S-043,157,Handy,Album
E-02822,2026-04-21,Dienstag,20:35,U-0054,S-041,189,Handy,Album
E-02823,2026-04-21,Dienstag,20:59,U-0128,S-075,4,Handy,Playlist
E-02824,2026-04-21,Dienstag,21:18,U-0081,S-103,221,Smart Speaker,Autoplay
E-02825,2026-04-21,Dienstag,21:30,U-0058,S-002,152,Desktop,Playlist
E-02826,2026-04-21,Dienstag,21:35,U-0147,S-002,152,Handy,Suche
E-02827,2026-04-21,Dienstag,23:12,U-0146,S-105,202,Handy,Playlist
E-02828,2026-04-21,Dienstag,23:32,U-0030,s-002,35,Tablet,Playlist
E-02829,2026-04-22,Mittwoch,06:30,U-0104,S-002,152,Handy,Playlist
E-02830,2026-04-22,Mittwoch,06:40,U-0140,S-002,9,,Playlist
E-02831,2026-04-22,Mittwoch,07:08,U-0150,S-069,313,Handy,Playlist
E-02832,2026-04-22,Mittwoch,07:27,U-0083,S-088,237,Handy,Suche
E-02833,2026-04-22,Mittwoch,07:31,U-0103,S-064,241,Handy,Suche
E-02834,2026-04-22,Mittwoch,07:51,U-0171,S-056,40,handy,Album
E-02835,2026-04-22,Mittwoch,07:55,U-0049,S-002,152,Handy,Suche
E-02836,2026-04-22,Mittwoch,08:56,U-0049,S-002,152,handy,Suche
E-02837,2026-04-22,Mittwoch,09:47,U-0018,S-062,27,Handy,Playlist
E-02838,2026-04-22,Mittwoch,10:02,U-0117,S-061,318,Handy,Autoplay
E-02839,2026-04-22,Mittwoch,10:16,U-0058,S-023,173,Handy,Autoplay
E-02840,2026-04-22,Mittwoch,10:18,U-0018,S-024,60,Handy,Playlist
E-02841,2026-04-22,Mittwoch,12:14,U-0020,S-064,241,Desktop,Playlist
E-02842,2026-04-22,Mittwoch,13:04,U-0108,S-094,211,Desktop,Playlist
E-02843,2026-04-22,Mittwoch,13:28,U-0173,S-018,189,Handy,Suche
E-02844,2026-04-22,Mittwoch,14:10,U-0063,S-090,25,Desktop,Autoplay
E-02845,2026-04-22,Mittwoch,14:10,U-0051,S-088,198,Handy,Autoplay
E-02846,2026-04-22,Mittwoch,15:13,U-0105,S-053,248,Desktop,Autoplay
E-02847,2026-04-22,Mittwoch,16:42,U-0070,s-048,158,Tablet,Suche
E-02848,2026-04-22,Mittwoch,17:13,U-0179,S-062,302,Desktop,Playlist
E-02849,2026-04-22,Mittwoch,17:37,U-0048,S-001,20,Smart Speaker,Autoplay
E-02850,2026-04-22,Mittwoch,18:41,U-0179,S-053,10,Smart Speaker,Playlist
E-02851,2026-04-22,Mittwoch,18:45,U-0091,s-011,164,Tablet,Playlist
E-02852,2026-04-22,Mittwoch,18:46,U-0146,S-031,100,Handy,Suche
E-02853,2026-04-22,Mittwoch,18:47,U-0192,S-065,57,Desktop,Album
E-02854,2026-04-22,Mittwoch,19:23,U-0056,s-001,223,Tablet,Playlist
E-02855,2026-04-22,Mittwoch,19:44,U-0021,S-064,241,Handy,Album
E-02856,2026-04-22,Mittwoch,19:48,U-0068,S-002,152,Handy,Suche
E-02857,2026-04-22,Mittwoch,19:51,U-0107,S-086,297,Smart Speaker,Autoplay
E-02858,2026-04-22,Mittwoch,20:02,U-0077,S-001,223,Desktop,Album
E-02859,2026-04-22,Mittwoch,20:29,U-0110,S-004,119,Handy,Playlist
E-02860,2026-04-22,Mittwoch,20:30,U-0156,S-072,296,Handy,Suche
E-02861,2026-04-22,Mittwoch,20:33,U-0167,S-107,214,Handy,Autoplay
E-02862,2026-04-22,Mittwoch,21:54,U-0066,S-079,52,Smart Speaker,Autoplay
E-02863,2026-04-22,Mittwoch,22:06,U-0063,s-107,21,Tablet,Playlist
E-02864,2026-04-22,Mittwoch,22:30,U-0151,S-011,164,Smart Speaker,Playlist
E-02865,2026-04-22,Mittwoch,23:57,U-0160,s-092,204,Tablet,Playlist
E-02866,2026-04-23,Donnerstag,07:11,U-0048,S-002,152,Handy,Suche
E-02867,2026-04-23,Donnerstag,07:59,U-0008,S-056,204,,Playlist
E-02868,2026-04-23,Donnerstag,08:12,U-0124,S-105,18,Handy,Playlist
E-02869,2026-04-23,Donnerstag,08:17,,S-004,156,Smartphone,Playlist
E-02870,2026-04-23,Donnerstag,09:51,U-0068,S-036,194,Handy,Playlist
E-02871,2026-04-23,Donnerstag,09:57,U-0191,S-019,11,Handy,Album
E-02872,2026-04-23,Donnerstag,10:23,U-0031,S-083,15,Handy,Album
E-02873,2026-04-23,Donnerstag,12:53,U-0146,S-078,3,Handy,Autoplay
E-02874,2026-04-23,Donnerstag,13:07,U-0095,S-067,201,Handy,Playlist
E-02875,2026-04-23,Donnerstag,13:55,U-0173,S-002,152,Handy,Autoplay
E-02876,2026-04-23,Donnerstag,15:42,U-0063,S-096,196,Handy,Autoplay
E-02877,2026-04-23,Donnerstag,15:48,U-0084,S-040,41,handy,Suche
E-02878,2026-04-23,Donnerstag,16:24,U-0132,S-041,13,Desktop,Autoplay
E-02879,2026-04-23,Donnerstag,17:18,U-0108,S-096,107,Handy,Autoplay
E-02880,2026-04-23,Donnerstag,17:23,U-0178,s-002,119,Tablet,Autoplay
E-02881,2026-04-23,Donnerstag,17:27,U-0010,s-067,55,Tablet,Playlist
E-02882,2026-04-23,Donnerstag,19:33,U-0160,S-002,29,Smart Speaker,Playlist
E-02883,2026-04-23,Donnerstag,20:04,U-0112,S-070,281,Handy,Playlist
E-02884,2026-04-23,Donnerstag,20:41,U-0118,S-064,149,Desktop,Autoplay
E-02885,2026-04-23,Donnerstag,20:49,U-0164,S-103,257,Smart Speaker,Suche
E-02886,2026-04-23,Donnerstag,20:56,U-0013,S-011,118,Desktop,Playlist
E-02887,2026-04-23,Donnerstag,21:58,U-0161,s-002,135,Tablet,Playlist
E-02888,2026-04-23,Donnerstag,22:28,U-0049,S-036,194,Handy,Album
E-02889,2026-04-23,Donnerstag,22:43,U-0016,S-096,4,Handy,Suche
E-02890,2026-04-23,Donnerstag,22:52,U-0137,S-029,10,Desktop,Autoplay
E-02891,2026-04-24,Freitag,02:03,U-0094,S-066,64,Handy,Autoplay
E-02892,2026-04-24,Freitag,05:06,U-0097,S-002,152,Handy,Playlist
E-02893,2026-04-24,Freitag,06:06,U-0057,S-060,205,Handy,Album
E-02894,2026-04-24,Freitag,06:44,U-0051,S-047,264,Handy,Suche
E-02895,2026-04-24,Freitag,07:01,U-0038,S-031,183,Desktop,Album
E-02896,2026-04-24,Freitag,07:12,,S-062,18,Desktop,Playlist
E-02897,2026-04-24,Freitag,07:17,U-0151,S-010,158,Handy,Playlist
E-02898,2026-04-24,Freitag,07:41,U-0021,S-093,211,Handy,Playlist
E-02899,2026-04-24,Freitag,07:42,U-0081,S-091,24,Handy,Playlist
E-02900,2026-04-24,Freitag,07:59,U-0106,S-047,93,Handy,Playlist
E-02901,2026-04-24,Freitag,08:01,U-0079,s-064,107,Tablet,Playlist
E-02902,2026-04-24,Freitag,08:12,U-0058,S-002,152,Handy,Album
E-02903,2026-04-24,Freitag,08:24,U-0007,S-053,9,Desktop,Album
E-02904,2026-04-24,Freitag,08:51,U-0031,S-021,223,Handy,Suche
E-02905,2026-04-24,Freitag,08:56,U-0049,S-086,15,Handy,Album
E-02906,2026-04-24,Freitag,09:37,U-0108,S-036,194,Handy,Playlist
E-02907,2026-04-24,Freitag,10:05,U-0068,S-002,152,Handy,Album
E-02908,2026-04-24,Freitag,10:25,U-0176,S-040,16,Desktop,Playlist
E-02909,2026-04-24,Freitag,10:42,U-0030,S-064,216,Handy,Playlist
E-02910,2026-04-24,Freitag,11:06,U-0021,S-041,4,Desktop,Album
E-02911,2026-04-24,Freitag,11:19,U-0146,S-004,156,Smart Speaker,Playlist
E-02912,2026-04-24,Freitag,11:38,U-0170,S-114,197,Desktop,Album
E-02913,2026-04-24,Freitag,11:40,U-0132,S-083,200,Smartphone,Suche
E-02914,2026-04-24,Freitag,11:50,U-0078,S-062,302,Smart Speaker,Playlist
E-02915,2026-04-24,Freitag,12:43,U-0167,S-002,27,Desktop,Playlist
E-02916,2026-04-24,Freitag,12:57,U-0031,S-057,308,Desktop,Album
E-02917,2026-04-24,Freitag,14:15,U-0060,S-078,61,Handy,Playlist
E-02918,2026-04-24,Freitag,14:28,U-0161,S-064,100,Desktop,Playlist
E-02919,2026-04-24,Freitag,15:11,U-0194,S-078,208,Handy,Playlist
E-02920,2026-04-24,Freitag,15:36,U-0089,S-109,317,Handy,Suche
E-02921,2026-04-24,Freitag,15:54,U-0179,S-066,212,Desktop,Playlist
E-02922,2026-04-24,Freitag,16:02,U-0151,s-029,181,Tablet,Autoplay
E-02923,2026-04-24,Freitag,16:56,U-0021,S-002,152,Smart Speaker,Autoplay
E-02924,2026-04-24,Freitag,16:56,U-0083,S-041,189,Smart Speaker,Playlist
E-02925,2026-04-24,Freitag,17:02,U-0084,S-031,242,Smart Speaker,Album
E-02926,2026-04-24,Freitag,17:12,U-0095,S-064,241,Desktop,Album
E-02927,2026-04-24,Freitag,17:41,U-0120,S-078,90,Handy,Playlist
E-02928,2026-04-24,Freitag,17:48,U-0036,s-066,260,Tablet,Playlist
E-02929,2026-04-24,Freitag,17:49,U-0035,S-088,12,,Playlist
E-02930,2026-04-24,Freitag,17:54,U-0138,S-002,5,,Album
E-02931,2026-04-24,Freitag,18:42,U-0033,S-011,164,Handy,Playlist
E-02932,2026-04-24,Freitag,19:05,U-0179,S-002,25,Handy,Autoplay
E-02933,2026-04-24,Freitag,19:51,U-0105,S-066,44,Handy,Playlist
E-02934,2026-04-24,Freitag,19:53,U-0076,S-002,152,Handy,Album
E-02935,2026-04-24,Freitag,19:58,U-0069,S-050,332,Smart Speaker,Album
E-02936,2026-04-24,Freitag,20:07,U-0160,S-041,189,Desktop,Autoplay
E-02937,2026-04-24,Freitag,20:42,U-0070,S-084,9,Smart Speaker,Autoplay
E-02938,2026-04-24,Freitag,21:02,U-0116,S-041,150,Handy,Suche
E-02939,2026-04-24,Freitag,21:24,U-0053,S-021,16,Handy,Autoplay
E-02940,2026-04-24,Freitag,21:49,U-0143,S-021,223,Handy,Album
E-02941,2026-04-24,Freitag,21:50,U-0192,S-002,152,Smart Speaker,Playlist
E-02942,2026-04-24,Freitag,21:50,U-0185,s-002,120,Tablet,Suche
E-02943,2026-04-24,Freitag,22:54,U-0098,S-031,136,Handy,Suche
E-02944,2026-04-25,Samstag,02:26,U-0063,S-026,106,Handy,Album
E-02945,2026-04-25,Samstag,05:47,U-0049,S-041,189,Handy,Album
E-02946,2026-04-25,Samstag,07:02,U-0079,S-024,221,Handy,Autoplay
E-02947,2026-04-25,Samstag,07:06,U-0197,S-002,7,Handy,Autoplay
E-02948,2026-04-25,Samstag,07:58,U-0184,S-001,223,Desktop,Suche
E-02949,2026-04-25,Samstag,08:07,U-0032,S-085,253,Handy,Playlist
E-02950,2026-04-25,Samstag,08:55,U-0049,S-032,239,Handy,Suche
E-02951,2026-04-25,Samstag,10:08,U-0107,S-083,138,Handy,Autoplay
E-02952,2026-04-25,Samstag,10:08,U-0169,S-103,257,,Playlist
E-02953,2026-04-25,Samstag,11:38,U-0140,S-041,189,Handy,Autoplay
E-02954,2026-04-25,Samstag,11:49,U-0133,S-021,143,Smart Speaker,Autoplay
E-02955,2026-04-25,Samstag,11:51,U-0045,S-094,211,Handy,Suche
E-02956,2026-04-25,Samstag,12:44,U-0102,S-041,189,Desktop,Playlist
E-02957,2026-04-25,Samstag,15:01,U-0176,S-047,264,Smart Speaker,Album
E-02958,2026-04-25,Samstag,17:21,U-0176,S-067,252,Smart Speaker,Autoplay
E-02959,2026-04-25,Samstag,17:43,U-0010,s-064,241,Tablet,Suche
E-02960,2026-04-25,Samstag,18:34,U-0109,S-063,149,Smart Speaker,Playlist
E-02961,2026-04-25,Samstag,18:59,U-0112,S-092,161,Handy,Autoplay
E-02962,2026-04-25,Samstag,19:18,U-0051,S-091,216,Handy,Suche
E-02963,2026-04-25,Samstag,19:24,U-0129,S-066,88,Handy,Playlist
E-02964,2026-04-25,Samstag,19:29,U-0143,S-051,180,Handy,Playlist
E-02965,2026-04-25,Samstag,19:45,U-0147,S-002,29,Handy,Playlist
E-02966,2026-04-25,Samstag,20:02,U-0111,S-002,152,Handy,Playlist
E-02967,2026-04-25,Samstag,20:48,U-0049,S-041,189,Handy,Autoplay
E-02968,2026-04-25,Samstag,21:09,U-0023,S-115,10,Handy,Autoplay
E-02969,2026-04-25,Samstag,21:26,U-0033,s-029,181,Tablet,Playlist
E-02970,2026-04-25,Samstag,21:26,U-0146,S-002,152,Desktop,Playlist
E-02971,2026-04-25,Samstag,21:28,U-0152,S-032,9,,Playlist
E-02972,2026-04-25,Samstag,21:48,U-0049,S-002,152,Handy,Album
E-02973,2026-04-25,Samstag,21:50,U-0031,S-021,223,Handy,Autoplay
E-02974,2026-04-25,Samstag,22:19,,S-078,208,Handy,Suche
E-02975,2026-04-25,Samstag,22:33,U-0034,s-031,23,Tablet,Autoplay
E-02976,2026-04-25,Samstag,22:40,U-0128,s-037,18,Tablet,Album
E-02977,2026-04-25,Samstag,22:41,U-0070,S-002,38,Handy,Playlist
E-02978,2026-04-26,Sonntag,04:49,U-0008,s-096,196,Tablet,Playlist
E-02979,2026-04-26,Sonntag,07:59,U-0183,S-041,25,Handy,Playlist
E-02980,2026-04-26,Sonntag,08:15,U-0176,S-002,5,Handy,Autoplay
E-02981,2026-04-26,Sonntag,08:33,U-0085,S-041,189,Handy,Playlist
E-02982,2026-04-26,Sonntag,08:47,U-0107,S-033,24,Handy,Autoplay
E-02983,2026-04-26,Sonntag,08:49,U-0164,S-016,205,Smart Speaker,Album
E-02984,2026-04-26,Sonntag,09:33,U-0113,S-108,367,Desktop,Album
E-02985,2026-04-26,Sonntag,09:37,U-0079,S-031,242,Desktop,Album
E-02986,2026-04-26,Sonntag,09:54,U-0139,S-096,196,Handy,Suche
E-02987,2026-04-26,Sonntag,10:35,U-0086,S-119,331,Smart Speaker,Album
E-02988,2026-04-26,Sonntag,12:25,U-0049,s-041,189,Tablet,Playlist
E-02989,2026-04-26,Sonntag,12:36,U-0001,S-049,221,Smart Speaker,Suche
E-02990,2026-04-26,Sonntag,13:27,U-0170,S-120,442,Smart Speaker,Autoplay
E-02991,2026-04-26,Sonntag,14:39,U-0146,s-002,134,Tablet,Autoplay
E-02992,2026-04-26,Sonntag,15:42,U-0152,S-041,26,Smart Speaker,Album
E-02993,2026-04-26,Sonntag,15:45,U-0056,S-021,16,Handy,Autoplay
E-02994,2026-04-26,Sonntag,15:57,U-0119,S-048,81,,Playlist
E-02995,2026-04-26,Sonntag,17:05,U-0037,S-041,96,Smart Speaker,Playlist
E-02996,2026-04-26,Sonntag,17:15,U-0167,s-041,189,Tablet,Playlist
E-02997,2026-04-26,Sonntag,17:15,U-0128,S-011,128,Handy,Album
E-02998,2026-04-26,Sonntag,17:32,U-0068,S-064,241,Handy,Suche
E-02999,2026-04-26,Sonntag,18:04,U-0098,S-032,239,Smart Speaker,Autoplay
E-03000,2026-04-26,Sonntag,18:49,U-0124,S-031,194,Handy,Autoplay
E-03001,2026-04-26,Sonntag,18:54,U-0106,s-056,29,Tablet,Autoplay
E-03002,2026-04-26,Sonntag,19:08,U-0111,S-007,3,Smart Speaker,Album
E-03003,2026-04-26,Sonntag,19:21,U-0040,S-015,160,Smart Speaker,Playlist
E-03004,2026-04-26,Sonntag,19:23,U-0076,s-064,30,Tablet,Autoplay
E-03005,2026-04-26,Sonntag,20:19,U-0106,S-062,302,Desktop,Playlist
E-03006,2026-04-26,Sonntag,20:24,U-0044,S-041,3,Handy,Autoplay
E-03007,2026-04-26,Sonntag,20:38,U-0180,S-104,147,Handy,Suche
E-03008,2026-04-26,Sonntag,20:41,U-0151,s-021,223,Tablet,Playlist
E-03009,2026-04-26,Sonntag,20:42,U-0004,s-064,30,Tablet,Suche
E-03010,2026-04-26,Sonntag,20:43,U-0183,S-089,166,Handy,Playlist
E-03011,2026-04-26,Sonntag,21:15,U-0122,S-086,339,Handy,Playlist
E-03012,2026-04-26,Sonntag,21:16,U-0127,S-052,7,Smart Speaker,Autoplay
E-03013,2026-04-26,Sonntag,21:25,U-0117,S-061,318,Smart Speaker,Suche
E-03014,2026-04-26,Sonntag,21:35,U-0070,S-064,21,Smart Speaker,Autoplay
E-03015,2026-04-26,Sonntag,21:42,U-0079,S-116,281,Smart Speaker,Autoplay
E-03016,2026-04-26,Sonntag,21:42,U-0091,S-024,221,Desktop,Suche
E-03017,2026-04-26,Sonntag,21:44,U-0011,S-106,195,Smart Speaker,Autoplay
E-03018,2026-04-26,Sonntag,22:37,U-0002,S-064,241,Smart Speaker,Album
E-03019,2026-04-26,Sonntag,22:47,U-0017,S-021,125,,Suche
E-03020,2026-04-27,Montag,05:14,U-0105,s-078,90,Tablet,Autoplay
E-03021,2026-04-27,Montag,07:15,U-0043,s-115,12,Tablet,Autoplay
E-03022,2026-04-27,Montag,07:17,U-0176,S-078,208,Handy,Playlist
E-03023,2026-04-27,Montag,07:26,U-0025,S-104,201,,Autoplay
E-03024,2026-04-27,Montag,08:14,U-0141,S-031,19,Handy,Playlist
E-03025,2026-04-27,Montag,08:32,U-0148,S-086,4,Handy,Suche
E-03026,2026-04-27,Montag,09:28,U-0037,S-064,16,Desktop,Autoplay
E-03027,2026-04-27,Montag,09:42,U-0058,S-043,4,Handy,Suche
E-03028,2026-04-27,Montag,11:02,U-0058,S-021,223,Desktop,Playlist
E-03029,2026-04-27,Montag,11:49,U-0192,S-057,308,Desktop,Suche
E-03030,2026-04-27,Montag,12:25,U-0033,S-047,264,Desktop,Playlist
E-03031,2026-04-27,Montag,13:06,U-0088,s-064,106,Tablet,Playlist
E-03032,2026-04-27,Montag,13:39,U-0092,S-112,7,Handy,Playlist
E-03033,2026-04-27,Montag,14:02,U-0071,S-002,18,Desktop,Autoplay
E-03034,2026-04-27,Montag,15:56,U-0054,S-118,440,Desktop,Suche
E-03035,2026-04-27,Montag,16:47,U-0200,S-002,152,Handy,Playlist
E-03036,2026-04-27,Montag,16:53,U-0032,S-002,152,Desktop,Suche
E-03037,2026-04-27,Montag,17:26,U-0001,S-021,86,Smart Speaker,Autoplay
E-03038,2026-04-27,Montag,17:35,U-0084,S-056,204,Handy,Playlist
E-03039,2026-04-27,Montag,18:21,U-0020,s-086,19,Tablet,Autoplay
E-03040,2026-04-27,Montag,18:22,U-0111,S-064,241,Smart Speaker,Playlist
E-03041,2026-04-27,Montag,18:52,U-0189,S-086,339,,Album
E-03042,2026-04-27,Montag,18:56,U-0041,S-030,213,Handy,Album
E-03043,2026-04-27,Montag,19:16,U-0199,S-041,189,Handy,Autoplay
E-03044,2026-04-27,Montag,19:22,U-0038,S-093,11,Desktop,Autoplay
E-03045,2026-04-27,Montag,19:48,U-0095,S-062,302,Desktop,Playlist
E-03046,2026-04-27,Montag,20:08,U-0115,s-057,9999,Tablet,Playlist
E-03047,2026-04-27,Montag,20:31,U-0038,S-096,196,Handy,Playlist
E-03048,2026-04-27,Montag,22:38,U-0054,S-015,160,Handy,Playlist
E-03049,2026-04-28,Dienstag,00:05,U-0008,S-088,237,Handy,Album
E-03050,2026-04-28,Dienstag,07:22,,s-029,134,Tablet,Playlist
E-03051,2026-04-28,Dienstag,07:23,U-0054,S-078,122,Handy,Album
E-03052,2026-04-28,Dienstag,07:50,U-0049,S-009,19,Handy,Album
E-03053,2026-04-28,Dienstag,08:15,U-0200,S-002,152,Handy,Album
E-03054,2026-04-28,Dienstag,08:41,U-0040,S-002,152,Handy,Playlist
E-03055,2026-04-28,Dienstag,08:45,U-0175,S-057,308,Handy,Autoplay
E-03056,2026-04-28,Dienstag,11:06,U-0111,S-011,164,Handy,Playlist
E-03057,2026-04-28,Dienstag,11:07,U-0011,S-021,130,Desktop,Playlist
E-03058,2026-04-28,Dienstag,14:41,U-0058,S-005,167,Handy,Suche
E-03059,2026-04-28,Dienstag,16:11,U-0081,S-061,318,Desktop,Album
E-03060,2026-04-28,Dienstag,16:18,U-0036,S-116,291,Desktop,Playlist
E-03061,2026-04-28,Dienstag,16:20,U-0178,S-050,332,Handy,Playlist
E-03062,2026-04-28,Dienstag,16:29,U-0103,S-085,253,Desktop,Playlist
E-03063,2026-04-28,Dienstag,16:43,U-0008,S-051,6,Handy,Autoplay
E-03064,2026-04-28,Dienstag,17:46,U-0013,S-060,205,Handy,Suche
E-03065,2026-04-28,Dienstag,17:59,U-0170,S-083,200,Smart Speaker,Autoplay
E-03066,2026-04-28,Dienstag,18:33,U-0261,S-053,91,Smart Speaker,Playlist
E-03067,2026-04-28,Dienstag,19:38,U-0129,S-097,103,Smart Speaker,Playlist
E-03068,2026-04-28,Dienstag,19:53,U-0112,S-041,189,Handy,Playlist
E-03069,2026-04-28,Dienstag,20:10,U-0143,s-041,189,Tablet,Suche
E-03070,2026-04-28,Dienstag,20:39,U-0031,S-073,223,Desktop,Autoplay
E-03071,2026-04-28,Dienstag,20:43,U-0146,S-011,17,Handy,Suche
E-03072,2026-04-28,Dienstag,20:47,U-0108,S-002,152,Handy,Album
E-03073,2026-04-28,Dienstag,21:22,U-0250,S-002,152,Smart Speaker,Autoplay
E-03074,2026-04-28,Dienstag,21:40,U-0059,s-114,95,Tablet,Album
E-03075,2026-04-28,Dienstag,22:21,U-0014,s-089,230,Tablet,Album
E-03076,2026-04-28,Dienstag,23:02,U-0045,S-031,242,Handy,Suche
E-03077,2026-04-28,Dienstag,23:35,U-0037,s-020,162,Tablet,Playlist
E-03078,2026-04-29,Mittwoch,00:49,U-0200,S-041,189,Handy,Suche
E-03079,2026-04-29,Mittwoch,07:18,U-0138,S-074,281,Handy,Playlist
E-03080,2026-04-29,Mittwoch,07:29,U-0189,S-062,20,Handy,Autoplay
E-03081,2026-04-29,Mittwoch,07:58,U-0101,S-012,212,Handy,Suche
E-03082,2026-04-29,Mittwoch,09:42,U-0097,S-100,188,,Album
E-03083,2026-04-29,Mittwoch,09:44,U-0142,S-021,223,,Playlist
E-03084,2026-04-29,Mittwoch,11:10,U-0179,S-075,18,Handy,Autoplay
E-03085,2026-04-29,Mittwoch,13:08,U-0097,S-031,242,Handy,Playlist
E-03086,2026-04-29,Mittwoch,14:20,U-0118,S-114,18,Handy,Album
E-03087,2026-04-29,Mittwoch,16:50,U-0037,S-073,44,,Playlist
E-03088,2026-04-29,Mittwoch,16:51,U-0022,s-092,204,Tablet,Playlist
E-03089,2026-04-29,Mittwoch,17:37,U-0169,S-008,212,Desktop,Playlist
E-03090,2026-04-29,Mittwoch,17:56,U-0193,S-078,208,Desktop,Autoplay
E-03091,2026-04-29,Mittwoch,18:00,U-0026,S-011,96,,Suche
E-03092,2026-04-29,Mittwoch,18:14,U-0032,S-011,164,Handy,Album
E-03093,2026-04-29,Mittwoch,18:39,U-0013,s-105,29,Tablet,Playlist
E-03094,2026-04-29,Mittwoch,18:56,U-0163,S-078,22,Smart Speaker,Album
E-03095,2026-04-29,Mittwoch,18:58,U-0032,S-066,260,Handy,Suche
E-03096,2026-04-29,Mittwoch,19:01,U-0037,s-004,58,Tablet,Playlist
E-03097,2026-04-29,Mittwoch,19:07,U-0088,S-011,18,Smart Speaker,Autoplay
E-03098,2026-04-29,Mittwoch,19:23,U-0200,S-092,204,Handy,Album
E-03099,2026-04-29,Mittwoch,19:25,,S-014,83,Handy,Playlist
E-03100,2026-04-29,Mittwoch,19:28,U-0112,S-002,95,Desktop,Autoplay
E-03101,2026-04-29,Mittwoch,19:57,U-0132,S-024,221,Smart Speaker,Playlist
E-03102,2026-04-29,Mittwoch,20:07,U-0176,S-082,173,Desktop,Autoplay
E-03103,2026-04-29,Mittwoch,20:25,U-0176,s-078,208,Tablet,Autoplay
E-03104,2026-04-29,Mittwoch,20:42,U-0118,S-062,302,Handy,Suche
E-03105,2026-04-29,Mittwoch,20:44,U-0119,S-042,189,Handy,Autoplay
E-03106,2026-04-29,Mittwoch,21:05,U-0120,S-064,241,Smart Speaker,Playlist
E-03107,2026-04-29,Mittwoch,21:05,U-0169,s-041,189,Tablet,Album
E-03108,2026-04-29,Mittwoch,21:59,U-0054,S-088,197,Smart Speaker,Autoplay
E-03109,2026-04-29,Mittwoch,22:08,U-0176,S-107,301,Smart Speaker,Suche
E-03110,2026-04-29,Mittwoch,22:38,U-0023,S-041,189,Smart Speaker,Album
E-03111,2026-04-29,Mittwoch,23:24,U-0176,S-105,202,Smart Speaker,Album
E-03112,2026-04-29,Mittwoch,23:43,U-0051,S-053,25,Handy,Playlist
E-03113,2026-04-30,Donnerstag,05:26,U-0135,s-032,239,Tablet,Playlist
E-03114,2026-04-30,Donnerstag,06:35,U-0030,S-105,202,Handy,Suche
E-03115,2026-04-30,Donnerstag,06:44,U-0100,S-041,189,Desktop,Album
E-03116,2026-04-30,Donnerstag,07:33,U-0112,S-021,223,Handy,Suche
E-03117,2026-04-30,Donnerstag,08:36,U-0093,S-085,52,Handy,Suche
E-03118,2026-04-30,Donnerstag,08:42,,s-026,245,Tablet,Playlist
E-03119,2026-04-30,Donnerstag,11:10,U-0135,s-022,39,Tablet,Autoplay
E-03120,2026-04-30,Donnerstag,12:12,,S-096,20,Handy,Playlist
E-03121,2026-04-30,Donnerstag,13:17,U-0021,S-030,213,Desktop,Album
E-03122,2026-04-30,Donnerstag,13:24,U-0054,S-014,201,Desktop,Suche
E-03123,2026-04-30,Donnerstag,13:51,U-0037,S-002,152,Handy,Playlist
E-03124,2026-04-30,Donnerstag,15:42,U-0179,S-061,66,Desktop,Playlist
E-03125,2026-04-30,Donnerstag,16:17,U-0054,s-022,157,Tablet,Album
E-03126,2026-04-30,Donnerstag,16:23,U-0006,S-037,226,Desktop,Album
E-03127,2026-04-30,Donnerstag,17:28,U-0156,S-079,44,Handy,Playlist
E-03128,2026-04-30,Donnerstag,17:35,U-0107,S-002,152,Smart Speaker,Suche
E-03129,2026-04-30,Donnerstag,17:45,U-0186,S-041,189,Smart Speaker,Playlist
E-03130,2026-04-30,Donnerstag,17:45,U-0095,S-105,155,Smart Speaker,Suche
E-03131,2026-04-30,Donnerstag,18:01,U-0156,S-082,207,Handy,Playlist
E-03132,2026-04-30,Donnerstag,18:10,U-0020,S-002,152,Handy,Autoplay
E-03133,2026-04-30,Donnerstag,18:35,U-0140,S-104,201,Smart Speaker,Playlist
E-03134,2026-04-30,Donnerstag,18:42,U-0097,S-114,416,Desktop,Album
E-03135,2026-04-30,Donnerstag,18:46,,S-086,30,Desktop,Playlist
E-03136,2026-04-30,Donnerstag,18:59,U-0057,S-002,152,Smart Speaker,Autoplay
E-03137,2026-04-30,Donnerstag,19:09,U-0108,S-029,181,Handy,Autoplay
E-03138,2026-04-30,Donnerstag,19:12,U-0137,S-020,162,Handy,Suche
E-03139,2026-04-30,Donnerstag,19:49,U-0125,S-056,204,Handy,Playlist
E-03140,2026-04-30,Donnerstag,19:56,U-0063,s-007,210,Tablet,Suche
E-03141,2026-04-30,Donnerstag,20:07,U-0045,S-041,21,Handy,Playlist
E-03142,2026-04-30,Donnerstag,20:41,U-0063,s-114,416,Tablet,Playlist
E-03143,2026-04-30,Donnerstag,20:44,U-0104,S-041,189,Handy,Playlist
E-03144,2026-04-30,Donnerstag,21:21,U-0063,s-066,260,Tablet,Suche
E-03145,2026-04-30,Donnerstag,21:53,U-0043,s-064,241,Tablet,Suche
E-03146,2026-04-30,Donnerstag,21:57,U-0117,S-053,248,Desktop,Autoplay
E-03147,2026-04-30,Donnerstag,22:54,U-0088,s-021,223,Tablet,Autoplay
E-03148,2026-04-30,Donnerstag,23:54,U-0016,S-032,239,Desktop,Autoplay
E-03149,2026-05-01,Freitag,00:25,U-0054,S-026,245,Smart Speaker,Album
E-03150,2026-05-01,Freitag,06:00,U-0152,s-086,83,Tablet,Album
E-03151,2026-05-01,Freitag,07:02,U-0177,S-064,241,Handy,Autoplay
E-03152,2026-05-01,Freitag,07:16,U-0081,S-050,332,Handy,Album
E-03153,2026-05-01,Freitag,07:21,U-0170,S-013,9999,Handy,Suche
E-03154,2026-05-01,Freitag,07:43,U-0063,S-062,10,Handy,Playlist
E-03155,2026-05-01,Freitag,07:52,U-0185,S-023,9,Desktop,Playlist
E-03156,2026-05-01,Freitag,08:00,U-0108,S-096,8,Handy,Album
E-03157,2026-05-01,Freitag,08:21,U-0105,S-110,444,Handy,Suche
E-03158,2026-05-01,Freitag,09:17,U-0118,S-051,261,Handy,Autoplay
E-03159,2026-05-01,Freitag,09:25,U-0111,S-109,185,Handy,Playlist
E-03160,2026-05-01,Freitag,09:55,U-0063,S-064,218,Handy,Playlist
E-03161,2026-05-01,Freitag,10:08,U-0031,S-041,189,Desktop,Album
E-03162,2026-05-01,Freitag,11:14,,S-090,239,,Playlist
E-03163,2026-05-01,Freitag,11:22,,S-031,148,Desktop,Suche
E-03164,2026-05-01,Freitag,12:05,U-0011,S-040,3,Desktop,Autoplay
E-03165,2026-05-01,Freitag,13:03,U-0011,S-091,29,Desktop,Playlist
E-03166,2026-05-01,Freitag,13:22,U-0155,S-033,205,Desktop,Autoplay
E-03167,2026-05-01,Freitag,16:12,U-0077,s-078,208,Tablet,Album
E-03168,2026-05-01,Freitag,16:25,U-0112,S-002,10,Desktop,Autoplay
E-03169,2026-05-01,Freitag,16:35,U-0072,S-021,11,Desktop,Autoplay
E-03170,2026-05-01,Freitag,16:39,U-0067,S-055,316,Desktop,Suche
E-03171,2026-05-01,Freitag,17:05,U-0103,S-082,83,,Autoplay
E-03172,2026-05-01,Freitag,17:36,U-0021,S-095,97,Handy,Playlist
E-03173,2026-05-01,Freitag,17:36,U-0049,S-009,223,Handy,Autoplay
E-03174,2026-05-01,Freitag,17:57,U-0156,S-114,416,Smart Speaker,Playlist
E-03175,2026-05-01,Freitag,18:07,U-0010,S-068,235,Handy,Album
E-03176,2026-05-01,Freitag,18:37,U-0187,S-004,24,Desktop,Album
E-03177,2026-05-01,Freitag,19:03,U-0047,S-021,41,Handy,Playlist
E-03178,2026-05-01,Freitag,19:03,U-0058,S-041,7,Desktop,Playlist
E-03179,2026-05-01,Freitag,19:30,U-0140,S-070,267,Handy,Autoplay
E-03180,2026-05-01,Freitag,19:54,U-0158,S-004,5,Handy,Playlist
E-03181,2026-05-01,Freitag,20:00,U-0156,S-013,174,Handy,Autoplay
E-03182,2026-05-01,Freitag,20:05,U-0077,s-003,181,Tablet,Playlist
E-03183,2026-05-01,Freitag,20:34,U-0118,S-078,8,Smart Speaker,Playlist
E-03184,2026-05-01,Freitag,20:43,U-0041,S-074,281,Handy,Playlist
E-03185,2026-05-01,Freitag,20:54,U-0179,S-002,152,Smart Speaker,Album
E-03186,2026-05-01,Freitag,21:06,U-0111,s-097,195,Tablet,Autoplay
E-03187,2026-05-01,Freitag,21:08,U-0108,S-078,12,Smart Speaker,Album
E-03188,2026-05-01,Freitag,21:16,U-0089,S-064,241,Smart Speaker,Autoplay
E-03189,2026-05-01,Freitag,21:23,U-0033,S-032,239,Handy,Autoplay
E-03190,2026-05-01,Freitag,21:23,U-0157,s-068,74,Tablet,Playlist
E-03191,2026-05-01,Freitag,21:33,U-0183,S-002,118,Desktop,Playlist
E-03192,2026-05-01,Freitag,21:38,U-0007,S-058,327,Desktop,Playlist
E-03193,2026-05-01,Freitag,21:38,U-0139,S-002,87,Smart Speaker,Playlist
E-03194,2026-05-01,Freitag,22:06,U-0176,s-011,3,Tablet,Album
E-03195,2026-05-01,Freitag,22:17,U-0107,S-080,196,Handy,Album
E-03196,2026-05-01,Freitag,22:27,U-0063,S-026,19,Handy,Playlist
E-03197,2026-05-01,Freitag,23:53,U-0140,S-110,444,Smart Speaker,Playlist
E-03198,2026-05-02,Samstag,05:39,U-0031,S-070,230,Handy,Playlist
E-03199,2026-05-02,Samstag,07:12,U-0110,S-021,189,Handy,Playlist
E-03200,2026-05-02,Samstag,07:17,U-0195,S-031,242,Handy,Album
E-03201,2026-05-02,Samstag,07:46,U-0058,S-032,239,Handy,Autoplay
E-03202,2026-05-02,Samstag,07:59,U-0188,S-062,263,Handy,Autoplay
E-03203,2026-05-02,Samstag,08:00,U-0150,S-090,11,Handy,Autoplay
E-03204,2026-05-02,Samstag,08:15,U-0129,S-021,59,Handy,Autoplay
E-03205,2026-05-02,Samstag,08:21,U-0170,S-114,207,Handy,Playlist
E-03206,2026-05-02,Samstag,08:26,U-0113,S-030,213,handy,Playlist
E-03207,2026-05-02,Samstag,08:38,U-0103,S-064,241,Handy,Playlist
E-03208,2026-05-02,Samstag,09:00,U-0158,S-002,28,Handy,Autoplay
E-03209,2026-05-02,Samstag,09:48,U-0101,S-026,245,Smart Speaker,Playlist
E-03210,2026-05-02,Samstag,11:03,U-0182,S-073,223,Smart Speaker,Suche
E-03211,2026-05-02,Samstag,12:52,U-0037,S-002,70,Handy,Playlist
E-03212,2026-05-02,Samstag,13:03,,S-001,223,Desktop,Playlist
E-03213,2026-05-02,Samstag,13:04,U-0043,S-062,302,Handy,Autoplay
E-03214,2026-05-02,Samstag,13:49,U-0120,S-061,283,Handy,Playlist
E-03215,2026-05-02,Samstag,14:41,U-0063,S-053,78,Handy,Album
E-03216,2026-05-02,Samstag,16:47,U-0014,s-024,221,Tablet,Playlist
E-03217,2026-05-02,Samstag,16:57,U-0120,S-045,91,Handy,Suche
E-03218,2026-05-02,Samstag,16:59,U-0164,s-041,189,Tablet,Suche
E-03219,2026-05-02,Samstag,18:12,U-0119,S-085,253,Smart Speaker,Autoplay
E-03220,2026-05-02,Samstag,18:37,U-0151,S-092,204,Smart Speaker,Suche
E-03221,2026-05-02,Samstag,18:47,U-0054,S-002,152,Smart Speaker,Playlist
E-03222,2026-05-02,Samstag,18:54,U-0088,s-041,19,Tablet,Autoplay
E-03223,2026-05-02,Samstag,19:25,U-0156,S-088,237,Smart Speaker,Autoplay
E-03224,2026-05-02,Samstag,19:33,U-0090,S-111,246,Handy,Autoplay
E-03225,2026-05-02,Samstag,19:44,U-0083,S-095,28,Handy,Autoplay
E-03226,2026-05-02,Samstag,19:56,U-0091,S-031,242,Handy,Playlist
E-03227,2026-05-02,Samstag,19:59,U-0001,S-078,208,Handy,Autoplay
E-03228,2026-05-02,Samstag,19:59,U-0074,S-070,319,Smart Speaker,Autoplay
E-03229,2026-05-02,Samstag,20:19,U-0033,S-096,21,Handy,Playlist
E-03230,2026-05-02,Samstag,20:44,U-0031,S-078,208,Smart Speaker,Playlist
E-03231,2026-05-02,Samstag,20:55,U-0037,S-086,24,Smart Speaker,Autoplay
E-03232,2026-05-02,Samstag,21:14,U-0077,S-041,189,Desktop,Suche
E-03233,2026-05-02,Samstag,21:24,U-0175,S-105,202,Smart Speaker,Album
E-03234,2026-05-02,Samstag,21:24,U-0039,s-004,25,Tablet,Autoplay
E-03235,2026-05-02,Samstag,21:39,U-0054,S-047,29,Handy,Album
E-03236,2026-05-02,Samstag,21:46,U-0060,S-001,223,Smart Speaker,Playlist
E-03237,2026-05-02,Samstag,21:51,U-0045,S-041,97,Handy,Suche
E-03238,2026-05-02,Samstag,22:01,U-0129,s-062,4,Tablet,Autoplay
E-03239,2026-05-02,Samstag,22:08,U-0199,S-064,29,Handy,Playlist
E-03240,2026-05-02,Samstag,22:28,U-0160,S-041,189,Desktop,Playlist
E-03241,2026-05-02,Samstag,22:59,U-0108,S-032,239,Desktop,Album
E-03242,2026-05-02,Samstag,23:50,U-0070,S-064,80,Desktop,Autoplay
E-03243,2026-05-03,Sonntag,00:37,U-0233,S-036,194,Handy,Autoplay
E-03244,2026-05-03,Sonntag,06:17,U-0077,S-061,318,Desktop,Album
E-03245,2026-05-03,Sonntag,06:57,U-0092,S-105,28,Desktop,Playlist
E-03246,2026-05-03,Sonntag,07:20,,S-088,217,Handy,Playlist
E-03247,2026-05-03,Sonntag,07:31,U-0111,S-078,11,Handy,Playlist
E-03248,2026-05-03,Sonntag,07:47,U-0102,S-041,25,Handy,Autoplay
E-03249,2026-05-03,Sonntag,09:09,U-0014,S-020,162,Handy,Playlist
E-03250,2026-05-03,Sonntag,09:16,U-0001,S-041,64,Handy,Playlist
E-03251,2026-05-03,Sonntag,12:05,U-0051,S-062,302,Handy,Autoplay
E-03252,2026-05-03,Sonntag,13:39,U-0025,S-064,241,Handy,Album
E-03253,2026-05-03,Sonntag,13:59,U-0078,S-008,212,Handy,Playlist
E-03254,2026-05-03,Sonntag,15:37,U-0084,S-032,239,Handy,Suche
E-03255,2026-05-03,Sonntag,15:40,U-0106,S-098,257,Handy,Album
E-03256,2026-05-03,Sonntag,17:52,U-0170,S-114,100,Handy,Playlist
E-03257,2026-05-03,Sonntag,17:55,U-0085,S-084,190,Smart Speaker,Playlist
E-03258,2026-05-03,Sonntag,18:02,U-0063,s-029,9,Tablet,Autoplay
E-03259,2026-05-03,Sonntag,18:43,U-0174,S-064,20,Smart Speaker,Suche
E-03260,2026-05-03,Sonntag,19:44,U-0002,S-093,211,Desktop,Suche
E-03261,2026-05-03,Sonntag,20:05,U-0190,S-024,17,Smart Speaker,Autoplay
E-03262,2026-05-03,Sonntag,20:21,U-0007,S-036,194,Smart Speaker,Album
E-03263,2026-05-03,Sonntag,20:26,U-0195,S-062,203,Handy,Autoplay
E-03264,2026-05-03,Sonntag,20:42,U-0031,S-078,14,Handy,Suche
E-03265,2026-05-03,Sonntag,21:42,U-0126,S-031,242,Smart Speaker,Playlist
E-03266,2026-05-03,Sonntag,21:51,U-0058,S-101,147,Handy,Playlist
E-03267,2026-05-03,Sonntag,21:54,U-0177,S-052,204,Smart Speaker,Playlist
E-03268,2026-05-03,Sonntag,22:13,U-0011,S-037,111,Handy,Playlist
E-03269,2026-05-03,Sonntag,22:52,U-0088,S-037,141,Smart Speaker,Autoplay
E-03270,2026-05-03,Sonntag,22:58,U-0053,S-047,22,Desktop,Autoplay
E-03271,2026-05-04,Montag,00:02,U-0077,s-104,35,Tablet,Playlist
E-03272,2026-05-04,Montag,05:28,U-0143,s-021,223,Tablet,Album
E-03273,2026-05-04,Montag,06:35,U-0026,S-031,242,Handy,Suche
E-03274,2026-05-04,Montag,07:08,U-0011,S-002,19,Handy,Playlist
E-03275,2026-05-04,Montag,07:34,U-0031,S-002,152,Desktop,Album
E-03276,2026-05-04,Montag,08:06,U-0078,S-066,25,Handy,Playlist
E-03277,2026-05-04,Montag,08:31,U-0157,S-064,241,Handy,Suche
E-03278,2026-05-04,Montag,08:57,U-0140,S-041,29,Handy,Suche
E-03279,2026-05-04,Montag,08:58,U-0021,S-002,4,Handy,Playlist
E-03280,2026-05-04,Montag,09:22,,S-062,302,Desktop,Autoplay
E-03281,2026-05-04,Montag,11:09,U-0083,S-023,145,Handy,Autoplay
E-03282,2026-05-04,Montag,12:41,U-0071,S-086,151,Desktop,Autoplay
E-03283,2026-05-04,Montag,13:16,U-0015,S-041,189,Smart Speaker,Playlist
E-03284,2026-05-04,Montag,13:21,U-0088,S-029,17,Desktop,Autoplay
E-03285,2026-05-04,Montag,14:02,U-0126,S-020,162,Desktop,Autoplay
E-03286,2026-05-04,Montag,14:38,U-0091,S-041,15,Handy,Playlist
E-03287,2026-05-04,Montag,15:31,U-0058,S-026,245,Desktop,Suche
E-03288,2026-05-04,Montag,16:16,U-0020,S-008,212,Handy,Suche
E-03289,2026-05-04,Montag,16:31,U-0072,S-064,110,Desktop,Playlist
E-03290,2026-05-04,Montag,16:55,U-0051,S-062,302,Smart Speaker,Playlist
E-03291,2026-05-04,Montag,17:52,U-0010,S-002,152,Smart Speaker,Album
E-03292,2026-05-04,Montag,18:07,U-0049,S-002,152,Smart Speaker,Playlist
E-03293,2026-05-04,Montag,19:02,U-0022,S-011,20,Smart Speaker,Suche
E-03294,2026-05-04,Montag,19:15,U-0125,s-100,129,Tablet,Playlist
E-03295,2026-05-04,Montag,19:35,U-0162,S-070,85,Smart Speaker,Autoplay
E-03296,2026-05-04,Montag,20:31,U-0033,S-081,362,Handy,Album
E-03297,2026-05-04,Montag,20:55,U-0063,S-010,158,,Playlist
E-03298,2026-05-04,Montag,21:46,U-0058,S-041,189,Handy,Autoplay
E-03299,2026-05-04,Montag,21:49,U-0037,S-085,212,Handy,Playlist
E-03300,2026-05-04,Montag,21:58,U-0151,S-086,6,Handy,Suche
E-03301,2026-05-04,Montag,22:05,U-0167,s-079,3,Tablet,Autoplay
E-03302,2026-05-05,Dienstag,01:53,U-0095,S-066,260,Handy,Suche
E-03303,2026-05-05,Dienstag,06:08,U-0029,s-070,6,Tablet,Playlist
E-03304,2026-05-05,Dienstag,07:02,U-0146,S-002,9,Handy,Autoplay
E-03305,2026-05-05,Dienstag,07:14,U-0138,S-069,69,Handy,Album
E-03306,2026-05-05,Dienstag,08:11,U-0173,S-120,7,Handy,Playlist
E-03307,2026-05-05,Dienstag,09:29,U-0107,S-002,23,Smart Speaker,Autoplay
E-03308,2026-05-05,Dienstag,10:24,U-0063,S-078,59,Handy,Autoplay
E-03309,2026-05-05,Dienstag,10:47,U-0089,s-062,230,Tablet,Album
E-03310,2026-05-05,Dienstag,11:20,U-0199,S-090,10,Handy,Autoplay
E-03311,2026-05-05,Dienstag,11:25,U-0017,S-096,196,Handy,Suche
E-03312,2026-05-05,Dienstag,11:28,U-0072,S-021,12,Desktop,Autoplay
E-03313,2026-05-05,Dienstag,16:01,U-0182,S-003,181,Desktop,Playlist
E-03314,2026-05-05,Dienstag,16:56,U-0031,S-064,198,Desktop,Playlist
E-03315,2026-05-05,Dienstag,17:32,U-0151,S-002,152,Smart Speaker,Suche
E-03316,2026-05-05,Dienstag,18:54,U-0010,S-114,416,Desktop,Album
E-03317,2026-05-05,Dienstag,19:03,U-0176,s-009,223,Tablet,Autoplay
E-03318,2026-05-05,Dienstag,19:32,U-0123,S-052,19,Handy,Autoplay
E-03319,2026-05-05,Dienstag,19:42,U-0145,S-011,85,Handy,Suche
E-03320,2026-05-05,Dienstag,19:49,U-0156,S-055,316,Smart Speaker,Playlist
E-03321,2026-05-05,Dienstag,21:23,U-0181,s-021,223,Tablet,Playlist
E-03322,2026-05-05,Dienstag,22:57,U-0105,S-088,19,Desktop,Suche
E-03323,2026-05-05,Dienstag,22:58,U-0109,s-086,20,Tablet,Autoplay
E-03324,2026-05-05,Dienstag,23:47,U-0139,S-019,12,Desktop,Suche
E-03325,2026-05-06,Mittwoch,05:12,U-0097,S-041,189,handy,Playlist
E-03326,2026-05-06,Mittwoch,07:19,U-0013,S-002,13,,Autoplay
E-03327,2026-05-06,Mittwoch,07:39,U-0066,S-021,21,handy,Playlist
E-03328,2026-05-06,Mittwoch,08:21,U-0143,S-011,164,Desktop,Album
E-03329,2026-05-06,Mittwoch,08:36,U-0063,s-057,308,Tablet,Playlist
E-03330,2026-05-06,Mittwoch,08:49,U-0117,S-064,91,Smart Speaker,Autoplay
E-03331,2026-05-06,Mittwoch,09:32,U-0176,S-002,152,Handy,Album
E-03332,2026-05-06,Mittwoch,11:55,U-0088,S-115,341,Desktop,Album
E-03333,2026-05-06,Mittwoch,13:52,U-0107,S-066,260,Desktop,Suche
E-03334,2026-05-06,Mittwoch,14:05,U-0127,S-026,245,Handy,Playlist
E-03335,2026-05-06,Mittwoch,14:44,U-0087,s-002,152,Tablet,Suche
E-03336,2026-05-06,Mittwoch,15:09,U-0008,S-019,163,Handy,Suche
E-03337,2026-05-06,Mittwoch,15:38,U-0151,S-024,221,Desktop,Playlist
E-03338,2026-05-06,Mittwoch,16:27,U-0084,s-002,81,Tablet,Playlist
E-03339,2026-05-06,Mittwoch,17:34,U-0049,S-044,21,Desktop,Suche
E-03340,2026-05-06,Mittwoch,17:44,U-0182,S-088,212,Handy,Playlist
E-03341,2026-05-06,Mittwoch,18:19,U-0013,S-062,69,Smartphone,Playlist
E-03342,2026-05-06,Mittwoch,18:27,U-0060,S-077,6,Desktop,Playlist
E-03343,2026-05-06,Mittwoch,18:28,U-0176,S-088,160,Handy,Autoplay
E-03344,2026-05-06,Mittwoch,19:29,U-0178,S-039,124,Handy,Suche
E-03345,2026-05-06,Mittwoch,19:37,U-0056,S-068,111,Smart Speaker,Autoplay
E-03346,2026-05-06,Mittwoch,20:52,U-0038,s-037,226,Tablet,Suche
E-03347,2026-05-06,Mittwoch,20:54,U-0079,S-066,260,Handy,Playlist
E-03348,2026-05-06,Mittwoch,21:27,U-0030,S-114,23,Desktop,Playlist
E-03349,2026-05-06,Mittwoch,21:33,U-0049,s-041,26,Tablet,Playlist
E-03350,2026-05-06,Mittwoch,23:51,U-0007,S-112,369,,Suche
E-03351,2026-05-07,Donnerstag,00:46,U-0060,S-078,116,Handy,Autoplay
E-03352,2026-05-07,Donnerstag,05:12,U-0045,S-040,150,Smart Speaker,Playlist
E-03353,2026-05-07,Donnerstag,06:07,U-0135,S-062,302,Handy,Playlist
E-03354,2026-05-07,Donnerstag,07:15,U-0028,S-004,156,Desktop,Playlist
E-03355,2026-05-07,Donnerstag,07:25,U-0060,s-055,316,Tablet,Autoplay
E-03356,2026-05-07,Donnerstag,08:15,U-0002,S-086,339,Handy,Suche
E-03357,2026-05-07,Donnerstag,08:49,U-0027,S-001,223,Handy,Playlist
E-03358,2026-05-07,Donnerstag,08:55,U-0096,S-062,4,Handy,Album
E-03359,2026-05-07,Donnerstag,09:04,U-0151,S-107,24,Handy,Playlist
E-03360,2026-05-07,Donnerstag,09:52,U-0063,S-120,12,handy,Playlist
E-03361,2026-05-07,Donnerstag,10:25,U-0112,S-094,211,Smart Speaker,Album
E-03362,2026-05-07,Donnerstag,10:34,U-0007,S-011,132,Desktop,Playlist
E-03363,2026-05-07,Donnerstag,11:34,U-0019,s-062,302,Tablet,Suche
E-03364,2026-05-07,Donnerstag,11:58,U-0070,S-083,18,Handy,Playlist
E-03365,2026-05-07,Donnerstag,12:21,U-0103,S-105,202,Handy,Playlist
E-03366,2026-05-07,Donnerstag,16:25,U-0200,S-029,7,Handy,Playlist
E-03367,2026-05-07,Donnerstag,16:51,U-0063,S-053,52,Handy,Autoplay
E-03368,2026-05-07,Donnerstag,17:02,U-0067,s-047,168,Tablet,Album
E-03369,2026-05-07,Donnerstag,17:28,U-0063,S-046,273,,Playlist
E-03370,2026-05-07,Donnerstag,18:35,U-0111,s-078,16,Tablet,Album
E-03371,2026-05-07,Donnerstag,18:37,U-0081,S-020,162,Handy,Album
E-03372,2026-05-07,Donnerstag,18:51,U-0181,S-073,223,Handy,Album
E-03373,2026-05-07,Donnerstag,18:54,U-0146,S-002,152,Smartphone,Autoplay
E-03374,2026-05-07,Donnerstag,19:16,U-0189,S-031,242,Handy,Playlist
E-03375,2026-05-07,Donnerstag,19:20,U-0005,S-031,242,Smart Speaker,Playlist
E-03376,2026-05-07,Donnerstag,19:29,U-0102,S-026,164,Smart Speaker,Playlist
E-03377,2026-05-07,Donnerstag,19:34,U-0182,S-031,242,Smart Speaker,Playlist
E-03378,2026-05-07,Donnerstag,19:54,U-0191,s-067,51,Tablet,Playlist
E-03379,2026-05-07,Donnerstag,19:56,U-0094,S-066,214,Smart Speaker,Autoplay
E-03380,2026-05-07,Donnerstag,20:05,U-0151,S-012,21,Smart Speaker,Playlist
E-03381,2026-05-07,Donnerstag,20:26,U-0170,S-108,68,Desktop,Playlist
E-03382,2026-05-07,Donnerstag,21:12,U-0070,S-002,152,Handy,Autoplay
E-03383,2026-05-07,Donnerstag,21:18,U-0010,S-041,189,Handy,Album
E-03384,2026-05-08,Freitag,05:39,U-0020,S-002,17,Handy,Playlist
E-03385,2026-05-08,Freitag,05:45,U-0035,S-015,160,Desktop,Playlist
E-03386,2026-05-08,Freitag,06:12,U-0169,S-005,205,Handy,Suche
E-03387,2026-05-08,Freitag,07:02,U-0164,S-069,48,Handy,Playlist
E-03388,2026-05-08,Freitag,07:14,U-0191,S-003,181,Smart Speaker,Autoplay
E-03389,2026-05-08,Freitag,07:21,U-0027,S-078,80,Handy,Autoplay
E-03390,2026-05-08,Freitag,07:59,U-0011,S-105,202,Handy,Suche
E-03391,2026-05-08,Freitag,08:04,U-0132,S-037,41,Handy,Autoplay
E-03392,2026-05-08,Freitag,08:25,U-0077,S-002,152,Handy,Suche
E-03393,2026-05-08,Freitag,11:40,U-0083,S-064,8,Desktop,Album
E-03394,2026-05-08,Freitag,11:58,U-0189,S-064,241,Smart Speaker,Playlist
E-03395,2026-05-08,Freitag,12:08,U-0133,S-004,156,Desktop,Playlist
E-03396,2026-05-08,Freitag,13:24,U-0142,S-074,6,handy,Playlist
E-03397,2026-05-08,Freitag,15:07,U-0057,S-002,152,Desktop,Playlist
E-03398,2026-05-08,Freitag,15:21,U-0153,S-002,152,,Autoplay
E-03399,2026-05-08,Freitag,15:24,U-0139,S-002,129,Handy,Playlist
E-03400,2026-05-08,Freitag,16:37,U-0060,S-096,36,,Playlist
E-03401,2026-05-08,Freitag,16:59,U-0037,S-021,223,Handy,Autoplay
E-03402,2026-05-08,Freitag,17:50,U-0045,S-041,189,Smart Speaker,Playlist
E-03403,2026-05-08,Freitag,17:59,U-0108,s-062,19,Tablet,Album
E-03404,2026-05-08,Freitag,18:27,U-0007,S-092,154,Handy,Suche
E-03405,2026-05-08,Freitag,18:32,U-0146,S-070,62,Desktop,Playlist
E-03406,2026-05-08,Freitag,18:44,U-0119,S-055,245,Smart Speaker,Autoplay
E-03407,2026-05-08,Freitag,18:44,,S-051,148,Handy,Suche
E-03408,2026-05-08,Freitag,19:05,U-0058,S-011,3,Handy,Playlist
E-03409,2026-05-08,Freitag,19:19,U-0070,S-029,181,Handy,Playlist
E-03410,2026-05-08,Freitag,19:40,U-0045,S-002,12,Handy,Autoplay
E-03411,2026-05-08,Freitag,19:41,U-0056,S-090,239,Desktop,Playlist
E-03412,2026-05-08,Freitag,20:09,U-0095,S-090,239,Smart Speaker,Autoplay
E-03413,2026-05-08,Freitag,20:17,U-0068,s-115,341,Tablet,Album
E-03414,2026-05-08,Freitag,20:53,U-0027,S-002,152,Handy,Suche
E-03415,2026-05-08,Freitag,21:26,U-0156,S-078,208,Smart Speaker,Playlist
E-03416,2026-05-08,Freitag,21:44,U-0169,s-011,13,Tablet,Playlist
E-03417,2026-05-08,Freitag,22:01,U-0169,S-002,26,Desktop,Playlist
E-03418,2026-05-08,Freitag,22:59,U-0031,s-062,13,Tablet,Album
E-03419,2026-05-09,Samstag,06:05,U-0176,S-036,66,Handy,Playlist
E-03420,2026-05-09,Samstag,06:12,,S-002,25,Handy,Autoplay
E-03421,2026-05-09,Samstag,07:03,U-0010,S-053,248,,Autoplay
E-03422,2026-05-09,Samstag,07:26,U-0001,S-064,66,Handy,Autoplay
E-03423,2026-05-09,Samstag,07:44,U-0145,S-021,223,Handy,Album
E-03424,2026-05-09,Samstag,07:45,U-0143,S-031,242,Handy,Album
E-03425,2026-05-09,Samstag,08:07,U-0138,S-119,331,Handy,Album
E-03426,2026-05-09,Samstag,08:13,U-0005,S-057,308,Smart Speaker,Playlist
E-03427,2026-05-09,Samstag,09:13,U-0057,S-011,164,Handy,Album
E-03428,2026-05-09,Samstag,11:09,U-0133,S-041,189,Handy,Album
E-03429,2026-05-09,Samstag,11:54,U-0176,S-088,18,Handy,Playlist
E-03430,2026-05-09,Samstag,12:14,U-0054,s-105,101,Tablet,Playlist
E-03431,2026-05-09,Samstag,16:21,U-0049,s-044,22,Tablet,Playlist
E-03432,2026-05-09,Samstag,16:48,U-0096,s-008,31,Tablet,Album
E-03433,2026-05-09,Samstag,18:06,U-0057,S-031,242,Smart Speaker,Suche
E-03434,2026-05-09,Samstag,18:09,U-0056,S-021,223,Smart Speaker,Suche
E-03435,2026-05-09,Samstag,18:26,U-0176,S-041,189,Handy,Suche
E-03436,2026-05-09,Samstag,18:31,U-0123,S-093,23,Desktop,Album
E-03437,2026-05-09,Samstag,18:57,U-0102,S-103,257,Smart Speaker,Autoplay
E-03438,2026-05-09,Samstag,19:05,U-0038,S-101,29,Smart Speaker,Autoplay
E-03439,2026-05-09,Samstag,19:22,U-0105,S-002,138,Handy,Playlist
E-03440,2026-05-09,Samstag,19:25,U-0124,s-032,239,Tablet,Autoplay
E-03441,2026-05-09,Samstag,19:59,U-0118,S-087,7,Smart Speaker,Autoplay
E-03442,2026-05-09,Samstag,20:28,U-0118,s-096,196,Tablet,Suche
E-03443,2026-05-09,Samstag,20:32,U-0038,s-007,144,Tablet,Autoplay
E-03444,2026-05-09,Samstag,20:34,U-0032,S-070,319,Handy,Album
E-03445,2026-05-09,Samstag,20:59,U-0049,S-014,5,Handy,Autoplay
E-03446,2026-05-09,Samstag,21:07,U-0154,S-041,189,Handy,Playlist
E-03447,2026-05-09,Samstag,21:36,U-0111,S-043,157,Handy,Suche
E-03448,2026-05-09,Samstag,22:26,U-0058,S-064,70,Handy,Suche
E-03449,2026-05-09,Samstag,23:10,U-0007,S-036,194,,Suche
E-03450,2026-05-09,Samstag,23:13,U-0107,S-002,102,Smart Speaker,Playlist
E-03451,2026-05-10,Sonntag,03:20,,S-081,342,Desktop,Autoplay
E-03452,2026-05-10,Sonntag,05:42,U-0132,S-022,157,Handy,Album
E-03453,2026-05-10,Sonntag,07:07,U-0011,s-041,189,Tablet,Album
E-03454,2026-05-10,Sonntag,07:25,U-0037,S-041,12,Desktop,Autoplay
E-03455,2026-05-10,Sonntag,08:01,U-0035,S-101,253,Handy,Playlist
E-03456,2026-05-10,Sonntag,08:29,U-0181,S-037,226,Handy,Playlist
E-03457,2026-05-10,Sonntag,08:53,U-0049,S-092,165,Desktop,Album
E-03458,2026-05-10,Sonntag,09:29,,S-105,40,Desktop,Playlist
E-03459,2026-05-10,Sonntag,10:13,U-0075,S-026,245,Handy,Album
E-03460,2026-05-10,Sonntag,11:46,U-0021,S-064,217,Handy,Playlist
E-03461,2026-05-10,Sonntag,14:00,U-0054,S-002,152,Handy,Autoplay
E-03462,2026-05-10,Sonntag,16:02,U-0063,s-002,63,Tablet,Album
E-03463,2026-05-10,Sonntag,16:16,U-0058,s-103,28,Tablet,Autoplay
E-03464,2026-05-10,Sonntag,17:27,U-0195,s-037,226,Tablet,Album
E-03465,2026-05-10,Sonntag,17:28,U-0096,s-090,239,Tablet,Playlist
E-03466,2026-05-10,Sonntag,18:07,U-0035,S-011,8,Smart Speaker,Autoplay
E-03467,2026-05-10,Sonntag,18:08,U-0156,S-082,207,Handy,Album
E-03468,2026-05-10,Sonntag,19:19,U-0064,S-096,196,Handy,Playlist
E-03469,2026-05-10,Sonntag,19:20,U-0200,S-001,223,Smart Speaker,Album
E-03470,2026-05-10,Sonntag,20:21,,S-029,181,Handy,Autoplay
E-03471,2026-05-10,Sonntag,20:26,U-0038,S-083,28,Desktop,Autoplay
E-03472,2026-05-10,Sonntag,20:34,U-0052,s-042,189,Tablet,Suche
E-03473,2026-05-10,Sonntag,21:51,U-0152,S-055,316,Smart Speaker,Playlist
E-03474,2026-05-10,Sonntag,22:07,U-0123,S-041,189,Smart Speaker,Album
E-03475,2026-05-10,Sonntag,22:48,U-0125,S-003,181,Desktop,Autoplay
E-03476,2026-05-10,Sonntag,22:49,U-0125,S-060,37,Handy,Playlist
E-03477,2026-05-11,Montag,06:15,U-0169,S-086,339,Handy,Suche
E-03478,2026-05-11,Montag,06:19,U-0031,S-088,237,Handy,Suche
E-03479,2026-05-11,Montag,06:54,U-0151,S-025,194,Handy,Album
E-03480,2026-05-11,Montag,07:14,U-0153,S-002,152,Smart Speaker,Playlist
E-03481,2026-05-11,Montag,07:33,U-0102,S-078,208,Smart Speaker,Autoplay
E-03482,2026-05-11,Montag,07:49,U-0066,S-101,253,Handy,Suche
E-03483,2026-05-11,Montag,08:01,U-0040,S-025,20,Smart Speaker,Autoplay
E-03484,2026-05-11,Montag,09:12,U-0063,S-001,103,Handy,Playlist
E-03485,2026-05-11,Montag,09:34,U-0005,S-041,117,Handy,Album
E-03486,2026-05-11,Montag,10:18,U-0051,s-011,164,Tablet,Album
E-03487,2026-05-11,Montag,12:33,U-0133,S-032,239,Desktop,Playlist
E-03488,2026-05-11,Montag,13:09,U-0143,S-104,148,Handy,Album
E-03489,2026-05-11,Montag,13:13,U-0031,S-066,260,Desktop,Suche
E-03490,2026-05-11,Montag,14:40,U-0182,S-018,90,Desktop,Suche
E-03491,2026-05-11,Montag,15:31,U-0219,S-002,66,handy,Autoplay
E-03492,2026-05-11,Montag,17:01,U-0049,s-096,196,Tablet,Autoplay
E-03493,2026-05-11,Montag,17:46,U-0048,s-009,15,Tablet,Autoplay
E-03494,2026-05-11,Montag,18:09,U-0118,S-107,185,Smart Speaker,Playlist
E-03495,2026-05-11,Montag,18:53,U-0103,s-105,202,Tablet,Playlist
E-03496,2026-05-11,Montag,19:20,U-0140,S-064,7,Handy,Playlist
E-03497,2026-05-11,Montag,19:24,U-0097,S-056,204,Handy,Suche
E-03498,2026-05-11,Montag,19:28,U-0070,S-090,239,Handy,Suche
E-03499,2026-05-11,Montag,20:02,U-0200,S-096,6,Handy,Album
E-03500,2026-05-11,Montag,20:08,U-0054,s-057,308,Tablet,Playlist
E-03501,2026-05-11,Montag,20:22,U-0053,S-070,319,Handy,Album
E-03502,2026-05-11,Montag,21:00,U-0051,s-001,223,Tablet,Playlist
E-03503,2026-05-11,Montag,21:07,U-0068,S-057,308,Desktop,Autoplay
E-03504,2026-05-11,Montag,21:18,U-0156,S-078,27,Smart Speaker,Autoplay
E-03505,2026-05-11,Montag,21:31,U-0023,S-011,164,Handy,Playlist
E-03506,2026-05-11,Montag,22:07,U-0135,S-062,22,Handy,Autoplay
E-03507,2026-05-11,Montag,23:11,U-0010,S-015,160,Smart Speaker,Playlist
E-03508,2026-05-12,Dienstag,02:05,,s-032,239,Tablet,Autoplay
E-03509,2026-05-12,Dienstag,03:15,U-0095,S-002,152,Handy,Suche
E-03510,2026-05-12,Dienstag,07:22,U-0026,S-044,14,Handy,Playlist
E-03511,2026-05-12,Dienstag,08:12,U-0068,S-037,90,Handy,Playlist
E-03512,2026-05-12,Dienstag,08:18,U-0056,S-109,317,Handy,Playlist
E-03513,2026-05-12,Dienstag,09:02,U-0049,S-086,51,Handy,Autoplay
E-03514,2026-05-12,Dienstag,09:18,U-0130,S-103,59,Desktop,Playlist
E-03515,2026-05-12,Dienstag,09:32,U-0176,S-011,164,Handy,Autoplay
E-03516,2026-05-12,Dienstag,11:14,U-0087,S-114,416,Handy,Suche
E-03517,2026-05-12,Dienstag,12:22,U-0108,S-025,179,Handy,Autoplay
E-03518,2026-05-12,Dienstag,12:41,U-0097,S-064,241,Desktop,Playlist
E-03519,2026-05-12,Dienstag,13:04,U-0182,S-031,34,Desktop,Autoplay
E-03520,2026-05-12,Dienstag,14:07,U-0133,S-081,256,Desktop,Autoplay
E-03521,2026-05-12,Dienstag,15:30,U-0063,S-064,241,Smart Speaker,Playlist
E-03522,2026-05-12,Dienstag,16:10,U-0151,S-025,45,,Album
E-03523,2026-05-12,Dienstag,16:55,U-0056,S-048,285,Desktop,Playlist
E-03524,2026-05-12,Dienstag,16:55,U-0164,S-074,9,Desktop,Playlist
E-03525,2026-05-12,Dienstag,17:06,U-0023,S-032,46,Smart Speaker,Playlist
E-03526,2026-05-12,Dienstag,17:24,U-0102,S-062,302,Handy,Playlist
E-03527,2026-05-12,Dienstag,18:04,U-0026,s-102,230,Tablet,Playlist
E-03528,2026-05-12,Dienstag,18:05,U-0045,S-021,223,Handy,Autoplay
E-03529,2026-05-12,Dienstag,18:45,U-0067,S-037,226,Handy,Suche
E-03530,2026-05-12,Dienstag,18:46,U-0199,S-025,161,Handy,Autoplay
E-03531,2026-05-12,Dienstag,19:16,U-0141,S-082,68,Desktop,Autoplay
E-03532,2026-05-12,Dienstag,19:37,U-0099,S-068,125,Smart Speaker,Autoplay
E-03533,2026-05-12,Dienstag,19:40,U-0041,S-002,152,Desktop,Album
E-03534,2026-05-12,Dienstag,20:12,U-0014,s-103,257,Tablet,Playlist
E-03535,2026-05-12,Dienstag,20:39,U-0035,S-021,223,Desktop,Suche
E-03536,2026-05-12,Dienstag,23:44,U-0156,s-002,34,Tablet,Playlist
E-03537,2026-05-13,Mittwoch,07:20,U-0200,S-070,319,Handy,Autoplay
E-03538,2026-05-13,Mittwoch,08:27,U-0014,s-031,100,Tablet,Album
E-03539,2026-05-13,Mittwoch,08:38,U-0207,S-011,164,Handy,Playlist
E-03540,2026-05-13,Mittwoch,08:38,U-0170,S-096,196,Handy,Suche
E-03541,2026-05-13,Mittwoch,10:00,U-0049,S-083,81,Handy,Album
E-03542,2026-05-13,Mittwoch,10:25,U-0176,S-011,28,Desktop,Suche
E-03543,2026-05-13,Mittwoch,12:30,U-0022,S-025,194,Desktop,Playlist
E-03544,2026-05-13,Mittwoch,15:14,U-0152,S-025,21,Smart Speaker,Autoplay
E-03545,2026-05-13,Mittwoch,16:22,U-0056,S-064,241,Handy,Playlist
E-03546,2026-05-13,Mittwoch,16:46,U-0151,S-032,239,Desktop,Album
E-03547,2026-05-13,Mittwoch,16:57,,S-086,17,Desktop,Playlist
E-03548,2026-05-13,Mittwoch,17:05,U-0047,S-025,194,Handy,Playlist
E-03549,2026-05-13,Mittwoch,17:40,U-0152,S-001,223,Desktop,Autoplay
E-03550,2026-05-13,Mittwoch,18:00,U-0029,S-025,194,Handy,Playlist
E-03551,2026-05-13,Mittwoch,18:02,U-0111,S-062,131,Smart Speaker,Suche
E-03552,2026-05-13,Mittwoch,18:54,U-0061,S-043,98,Smart Speaker,Album
E-03553,2026-05-13,Mittwoch,19:01,U-0088,S-105,202,Smart Speaker,Playlist
E-03554,2026-05-13,Mittwoch,19:08,U-0123,S-007,210,Handy,Playlist
E-03555,2026-05-13,Mittwoch,19:54,U-0042,s-002,139,Tablet,Playlist
E-03556,2026-05-13,Mittwoch,21:32,U-0060,s-057,164,Tablet,Autoplay
E-03557,2026-05-13,Mittwoch,21:46,U-0104,s-007,5,Tablet,Playlist
E-03558,2026-05-13,Mittwoch,22:51,U-0141,S-073,23,Handy,Playlist
E-03559,2026-05-14,Donnerstag,08:13,U-0173,S-105,202,Smart Speaker,Album
E-03560,2026-05-14,Donnerstag,11:18,U-0107,S-096,75,Desktop,Autoplay
E-03561,2026-05-14,Donnerstag,11:31,U-0035,S-002,152,Handy,Playlist
E-03562,2026-05-14,Donnerstag,12:23,U-0155,S-041,189,handy,Playlist
E-03563,2026-05-14,Donnerstag,13:18,U-0058,S-082,207,,Autoplay
E-03564,2026-05-14,Donnerstag,14:16,U-0063,S-078,25,Desktop,Playlist
E-03565,2026-05-14,Donnerstag,16:23,U-0065,S-073,12,Handy,Playlist
E-03566,2026-05-14,Donnerstag,17:12,U-0027,s-002,152,Tablet,Album
E-03567,2026-05-14,Donnerstag,17:13,U-0176,S-092,204,Handy,Playlist
E-03568,2026-05-14,Donnerstag,17:55,U-0031,S-086,187,Desktop,Suche
E-03569,2026-05-14,Donnerstag,18:40,U-0043,S-109,12,Smart Speaker,Suche
E-03570,2026-05-14,Donnerstag,18:41,U-0166,S-118,440,Handy,Playlist
E-03571,2026-05-14,Donnerstag,18:45,U-0011,S-092,44,Handy,Album
E-03572,2026-05-14,Donnerstag,18:50,U-0043,S-114,416,Smart Speaker,Playlist
E-03573,2026-05-14,Donnerstag,19:12,U-0167,S-096,6,Handy,Autoplay
E-03574,2026-05-14,Donnerstag,19:51,U-0170,S-115,19,Smart Speaker,Playlist
E-03575,2026-05-14,Donnerstag,20:24,U-0093,s-064,241,Tablet,Album
E-03576,2026-05-14,Donnerstag,21:06,U-0013,S-025,194,Smart Speaker,Playlist
E-03577,2026-05-14,Donnerstag,21:07,U-0001,S-004,156,Handy,Album
E-03578,2026-05-14,Donnerstag,21:08,U-0112,S-070,319,Handy,Playlist
E-03579,2026-05-14,Donnerstag,21:13,U-0107,s-090,187,Tablet,Playlist
E-03580,2026-05-14,Donnerstag,21:25,U-0063,S-047,264,Smart Speaker,Playlist
E-03581,2026-05-14,Donnerstag,22:02,U-0135,s-073,223,Tablet,Playlist
E-03582,2026-05-15,Freitag,06:11,U-0079,s-064,158,Tablet,Autoplay
E-03583,2026-05-15,Freitag,06:41,U-0173,S-090,239,Handy,Autoplay
E-03584,2026-05-15,Freitag,07:10,U-0102,S-021,166,Handy,Playlist
E-03585,2026-05-15,Freitag,07:15,U-0077,S-011,164,Handy,Playlist
E-03586,2026-05-15,Freitag,07:54,U-0104,s-067,23,Tablet,Autoplay
E-03587,2026-05-15,Freitag,08:01,U-0037,S-077,119,Handy,Playlist
E-03588,2026-05-15,Freitag,08:52,U-0099,S-084,14,Desktop,Album
E-03589,2026-05-15,Freitag,09:00,U-0051,S-066,5,Desktop,Autoplay
E-03590,2026-05-15,Freitag,09:49,U-0061,S-078,75,Handy,Playlist
E-03591,2026-05-15,Freitag,09:53,U-0152,S-003,181,Handy,Album
E-03592,2026-05-15,Freitag,10:07,U-0030,s-061,318,Tablet,Album
E-03593,2026-05-15,Freitag,11:04,U-0037,S-002,152,Handy,Playlist
E-03594,2026-05-15,Freitag,12:10,U-0058,S-092,204,Desktop,Playlist
E-03595,2026-05-15,Freitag,12:27,U-0049,S-021,223,Smart Speaker,Suche
E-03596,2026-05-15,Freitag,12:42,U-0051,S-103,136,Handy,Playlist
E-03597,2026-05-15,Freitag,13:47,U-0107,S-002,152,Handy,Autoplay
E-03598,2026-05-15,Freitag,13:47,U-0128,s-105,168,Tablet,Playlist
E-03599,2026-05-15,Freitag,13:48,U-0170,s-049,159,Tablet,Album
E-03600,2026-05-15,Freitag,14:15,U-0067,S-103,144,Desktop,Suche
E-03601,2026-05-15,Freitag,14:35,U-0115,S-025,123,Smartphone,Playlist
E-03602,2026-05-15,Freitag,14:38,U-0045,S-032,15,Desktop,Playlist
E-03603,2026-05-15,Freitag,15:13,U-0179,S-083,156,Handy,Playlist
E-03604,2026-05-15,Freitag,15:35,U-0200,S-096,196,Handy,Suche
E-03605,2026-05-15,Freitag,16:58,U-0107,S-031,242,Handy,Suche
E-03606,2026-05-15,Freitag,17:02,U-0198,S-041,134,Smart Speaker,Playlist
E-03607,2026-05-15,Freitag,17:06,U-0100,S-062,13,Desktop,Album
E-03608,2026-05-15,Freitag,17:41,U-0068,S-112,369,Handy,Album
E-03609,2026-05-15,Freitag,17:56,U-0013,S-037,226,Handy,Autoplay
E-03610,2026-05-15,Freitag,18:24,U-0033,S-003,107,Handy,Autoplay
E-03611,2026-05-15,Freitag,18:28,U-0123,S-041,189,Handy,Suche
E-03612,2026-05-15,Freitag,18:42,U-0063,S-064,241,Handy,Playlist
E-03613,2026-05-15,Freitag,18:54,U-0107,S-046,273,,Playlist
E-03614,2026-05-15,Freitag,19:30,U-0105,S-105,133,Handy,Album
E-03615,2026-05-15,Freitag,19:52,U-0068,S-002,152,Smart Speaker,Playlist
E-03616,2026-05-15,Freitag,20:03,U-0011,S-064,241,Smart Speaker,Album
E-03617,2026-05-15,Freitag,20:05,U-0178,S-103,105,Smart Speaker,Playlist
E-03618,2026-05-15,Freitag,20:16,U-0001,S-042,189,,Playlist
E-03619,2026-05-15,Freitag,20:25,U-0207,S-028,40,Handy,Playlist
E-03620,2026-05-15,Freitag,20:36,U-0030,S-053,28,Handy,Album
E-03621,2026-05-15,Freitag,20:39,U-0054,S-066,160,Handy,Playlist
E-03622,2026-05-15,Freitag,20:47,U-0167,S-082,207,Handy,Autoplay
E-03623,2026-05-15,Freitag,20:49,U-0112,s-002,126,Tablet,Playlist
E-03624,2026-05-15,Freitag,20:57,U-0176,S-089,230,Smart Speaker,Playlist
E-03625,2026-05-15,Freitag,21:17,U-0041,S-025,194,Handy,Album
E-03626,2026-05-15,Freitag,21:29,U-0056,S-021,223,Handy,Album
E-03627,2026-05-15,Freitag,21:31,U-0049,S-025,194,Handy,Suche
E-03628,2026-05-15,Freitag,22:06,U-0138,S-025,194,Handy,Playlist
E-03629,2026-05-15,Freitag,22:30,U-0175,S-047,264,Handy,Playlist
E-03630,2026-05-15,Freitag,22:48,U-0063,S-055,316,Smart Speaker,Autoplay
E-03631,2026-05-15,Freitag,22:59,U-0058,S-032,239,Handy,Autoplay
E-03632,2026-05-15,Freitag,23:06,U-0069,s-025,194,Tablet,Playlist
E-03633,2026-05-16,Samstag,00:50,U-0093,s-090,108,Tablet,Album
E-03634,2026-05-16,Samstag,03:19,U-0140,S-092,5,Smart Speaker,Album
E-03635,2026-05-16,Samstag,06:04,U-0008,S-041,189,Handy,Album
E-03636,2026-05-16,Samstag,07:08,U-0100,S-015,160,Handy,Playlist
E-03637,2026-05-16,Samstag,07:53,U-0133,S-116,22,Handy,Playlist
E-03638,2026-05-16,Samstag,08:20,U-0056,S-041,189,Handy,Suche
E-03639,2026-05-16,Samstag,08:20,U-0014,S-031,242,Handy,Suche
E-03640,2026-05-16,Samstag,08:49,U-0014,S-103,257,Handy,Suche
E-03641,2026-05-16,Samstag,09:15,U-0073,s-078,208,Tablet,Autoplay
E-03642,2026-05-16,Samstag,09:36,U-0104,S-088,29,Handy,Autoplay
E-03643,2026-05-16,Samstag,09:51,U-0051,S-105,202,Handy,Playlist
E-03644,2026-05-16,Samstag,10:12,U-0043,S-064,241,Handy,Suche
E-03645,2026-05-16,Samstag,10:31,U-0140,S-096,47,Desktop,Playlist
E-03646,2026-05-16,Samstag,10:48,U-0068,S-049,221,Handy,Suche
E-03647,2026-05-16,Samstag,11:21,U-0054,S-053,9999,Desktop,Playlist
E-03648,2026-05-16,Samstag,11:28,U-0023,S-044,25,Handy,Playlist
E-03649,2026-05-16,Samstag,11:46,,s-058,180,Tablet,Autoplay
E-03650,2026-05-16,Samstag,11:54,U-0169,S-096,19,Handy,Suche
E-03651,2026-05-16,Samstag,12:31,U-0103,S-002,152,Handy,Autoplay
E-03652,2026-05-16,Samstag,12:35,U-0170,S-041,189,Smart Speaker,Playlist
E-03653,2026-05-16,Samstag,14:30,U-0037,S-025,194,Handy,Playlist
E-03654,2026-05-16,Samstag,14:45,U-0095,S-096,196,Desktop,Album
E-03655,2026-05-16,Samstag,15:57,U-0120,S-096,175,Handy,Playlist
E-03656,2026-05-16,Samstag,17:05,U-0182,S-105,202,Handy,Suche
E-03657,2026-05-16,Samstag,17:07,U-0023,S-002,152,Handy,Suche
E-03658,2026-05-16,Samstag,17:34,U-0073,S-103,257,Handy,Playlist
E-03659,2026-05-16,Samstag,17:44,U-0023,S-031,183,Desktop,Suche
E-03660,2026-05-16,Samstag,18:41,,S-101,13,Handy,Playlist
E-03661,2026-05-16,Samstag,18:51,U-0156,S-082,24,Handy,Suche
E-03662,2026-05-16,Samstag,18:56,U-0039,s-041,189,Tablet,Playlist
E-03663,2026-05-16,Samstag,19:10,U-0102,S-041,189,Handy,Playlist
E-03664,2026-05-16,Samstag,19:32,U-0167,S-011,53,Smart Speaker,Playlist
E-03665,2026-05-16,Samstag,20:14,U-0189,S-026,25,Handy,Autoplay
E-03666,2026-05-16,Samstag,20:22,U-0108,S-008,212,Handy,Playlist
E-03667,2026-05-16,Samstag,20:47,U-0038,S-041,53,Desktop,Playlist
E-03668,2026-05-16,Samstag,21:46,U-0143,S-002,152,Smart Speaker,Autoplay
E-03669,2026-05-16,Samstag,21:56,U-0141,S-020,16,Handy,Playlist
E-03670,2026-05-16,Samstag,22:16,U-0117,S-064,241,Smart Speaker,Playlist
E-03671,2026-05-16,Samstag,22:33,U-0116,S-092,204,Handy,Playlist
E-03672,2026-05-16,Samstag,22:48,U-0141,s-025,194,Tablet,Autoplay
E-03673,2026-05-17,Sonntag,01:39,U-0020,S-066,260,Handy,Suche
E-03674,2026-05-17,Sonntag,06:47,U-0103,S-036,194,Handy,Suche
E-03675,2026-05-17,Sonntag,08:13,U-0097,S-064,241,Smart Speaker,Autoplay
E-03676,2026-05-17,Sonntag,08:13,U-0145,S-040,150,Handy,Playlist
E-03677,2026-05-17,Sonntag,09:21,U-0124,S-092,204,Handy,Playlist
E-03678,2026-05-17,Sonntag,09:24,U-0176,S-014,201,Handy,Playlist
E-03679,2026-05-17,Sonntag,10:29,U-0037,s-082,19,Tablet,Playlist
E-03680,2026-05-17,Sonntag,12:14,U-0123,S-105,7,Handy,Autoplay
E-03681,2026-05-17,Sonntag,12:20,U-0207,S-041,189,Handy,Album
E-03682,2026-05-17,Sonntag,15:02,U-0010,S-096,154,Desktop,Playlist
E-03683,2026-05-17,Sonntag,15:02,U-0163,S-062,302,Smart Speaker,Autoplay
E-03684,2026-05-17,Sonntag,15:23,U-0063,S-002,152,Handy,Playlist
E-03685,2026-05-17,Sonntag,15:24,U-0147,S-025,194,Handy,Autoplay
E-03686,2026-05-17,Sonntag,17:27,U-0162,S-066,216,Smart Speaker,Autoplay
E-03687,2026-05-17,Sonntag,18:03,U-0063,S-078,208,Smart Speaker,Suche
E-03688,2026-05-17,Sonntag,18:37,U-0196,S-114,256,Handy,Autoplay
E-03689,2026-05-17,Sonntag,18:45,U-0140,S-045,191,Handy,Suche
E-03690,2026-05-17,Sonntag,19:03,U-0002,S-011,164,Handy,Playlist
E-03691,2026-05-17,Sonntag,19:20,U-0105,s-064,74,Tablet,Playlist
E-03692,2026-05-17,Sonntag,19:41,U-0124,S-007,210,Smart Speaker,Autoplay
E-03693,2026-05-17,Sonntag,20:05,U-0149,S-048,20,Smart Speaker,Autoplay
E-03694,2026-05-17,Sonntag,20:57,U-0107,S-011,164,Handy,Playlist
E-03695,2026-05-17,Sonntag,21:25,U-0108,S-015,26,Smart Speaker,Playlist
E-03696,2026-05-17,Sonntag,21:25,U-0001,s-024,221,Tablet,Playlist
E-03697,2026-05-17,Sonntag,21:31,U-0063,s-064,97,Tablet,Playlist
E-03698,2026-05-17,Sonntag,23:30,U-0111,S-093,211,Handy,Suche
E-03699,2026-05-17,Sonntag,23:49,U-0161,s-083,111,Tablet,Album
E-03700,2026-05-17,Sonntag,23:49,U-0105,S-064,27,Handy,Album
E-03701,2026-05-18,Montag,06:02,U-0083,S-026,245,Handy,Suche
E-03702,2026-05-18,Montag,07:22,U-0124,S-011,7,Desktop,Autoplay
E-03703,2026-05-18,Montag,07:56,U-0045,S-047,264,Handy,Album
E-03704,2026-05-18,Montag,08:26,U-0023,S-033,241,Desktop,Album
E-03705,2026-05-18,Montag,08:34,U-0027,S-094,211,Smart Speaker,Playlist
E-03706,2026-05-18,Montag,08:40,U-0119,S-014,18,Handy,Playlist
E-03707,2026-05-18,Montag,09:02,U-0062,S-078,174,Smart Speaker,Playlist
E-03708,2026-05-18,Montag,09:47,U-0086,S-062,302,Handy,Album
E-03709,2026-05-18,Montag,10:50,U-0051,S-010,9999,Handy,Suche
E-03710,2026-05-18,Montag,10:53,U-0096,S-005,7,Handy,Album
E-03711,2026-05-18,Montag,11:58,U-0030,S-086,178,Desktop,Playlist
E-03712,2026-05-18,Montag,12:02,U-0038,S-002,32,Handy,Album
E-03713,2026-05-18,Montag,12:33,U-0111,s-096,181,Tablet,Suche
E-03714,2026-05-18,Montag,12:52,U-0063,s-088,219,Tablet,Playlist
E-03715,2026-05-18,Montag,12:59,U-0100,S-024,221,Handy,Playlist
E-03716,2026-05-18,Montag,15:34,U-0122,S-082,207,Handy,Album
E-03717,2026-05-18,Montag,15:47,U-0179,S-005,205,Desktop,Playlist
E-03718,2026-05-18,Montag,16:45,U-0098,S-036,23,Desktop,Autoplay
E-03719,2026-05-18,Montag,17:20,U-0152,S-011,164,Smart Speaker,Autoplay
E-03720,2026-05-18,Montag,18:01,U-0156,s-062,302,Tablet,Album
E-03721,2026-05-18,Montag,18:40,U-0176,S-011,14,Handy,Album
E-03722,2026-05-18,Montag,19:31,U-0107,S-041,19,Handy,Playlist
E-03723,2026-05-18,Montag,19:38,U-0153,S-031,3,Handy,Playlist
E-03724,2026-05-18,Montag,20:25,U-0150,S-085,22,Handy,Playlist
E-03725,2026-05-18,Montag,20:31,U-0124,S-050,332,Smart Speaker,Playlist
E-03726,2026-05-18,Montag,20:48,U-0074,S-065,121,Smart Speaker,Autoplay
E-03727,2026-05-18,Montag,20:52,,S-041,189,Smart Speaker,Album
E-03728,2026-05-18,Montag,21:17,U-0103,S-107,92,Desktop,Autoplay
E-03729,2026-05-18,Montag,21:36,U-0088,S-011,164,Handy,Playlist
E-03730,2026-05-18,Montag,21:44,U-0181,s-092,204,Tablet,Album
E-03731,2026-05-18,Montag,22:30,,S-035,169,Handy,Playlist
E-03732,2026-05-18,Montag,22:34,U-0097,s-024,16,Tablet,Album
E-03733,2026-05-18,Montag,23:06,U-0044,S-060,17,Desktop,Autoplay
E-03734,2026-05-18,Montag,23:10,U-0040,S-002,152,,Suche
E-03735,2026-05-18,Montag,23:12,U-0002,S-002,152,Handy,Autoplay
E-03736,2026-05-18,Montag,23:53,U-0138,S-078,148,Handy,Album
E-03737,2026-05-19,Dienstag,05:41,U-0178,s-079,17,Tablet,Autoplay
E-03738,2026-05-19,Dienstag,06:10,U-0031,S-004,156,Handy,Album
E-03739,2026-05-19,Dienstag,06:33,U-0069,S-085,17,Smart Speaker,Playlist
E-03740,2026-05-19,Dienstag,07:05,U-0167,S-002,152,Handy,Suche
E-03741,2026-05-19,Dienstag,07:23,U-0073,S-057,308,Handy,Album
E-03742,2026-05-19,Dienstag,07:47,U-0179,S-041,67,Handy,Album
E-03743,2026-05-19,Dienstag,08:13,U-0170,s-064,241,Tablet,Suche
E-03744,2026-05-19,Dienstag,08:17,U-0067,S-112,369,Desktop,Playlist
E-03745,2026-05-19,Dienstag,08:28,U-0118,S-055,316,Handy,Album
E-03746,2026-05-19,Dienstag,08:47,U-0087,S-026,245,Handy,Suche
E-03747,2026-05-19,Dienstag,09:08,U-0183,S-085,226,Handy,Autoplay
E-03748,2026-05-19,Dienstag,11:37,U-0054,S-066,7,Handy,Playlist
E-03749,2026-05-19,Dienstag,12:07,U-0127,s-085,6,Tablet,Album
E-03750,2026-05-19,Dienstag,13:18,U-0151,S-024,12,Desktop,Autoplay
E-03751,2026-05-19,Dienstag,14:52,U-0104,S-101,8,Handy,Playlist
E-03752,2026-05-19,Dienstag,15:40,U-0013,S-062,135,Handy,Playlist
E-03753,2026-05-19,Dienstag,15:54,U-0032,S-078,83,Desktop,Playlist
E-03754,2026-05-19,Dienstag,16:52,U-0080,S-041,13,Handy,Suche
E-03755,2026-05-19,Dienstag,17:20,U-0140,S-002,152,Smart Speaker,Autoplay
E-03756,2026-05-19,Dienstag,18:15,U-0037,S-031,126,Handy,Autoplay
E-03757,2026-05-19,Dienstag,19:58,U-0103,S-064,241,Smart Speaker,Playlist
E-03758,2026-05-19,Dienstag,20:05,U-0021,S-053,248,Handy,Playlist
E-03759,2026-05-19,Dienstag,20:14,U-0156,S-070,20,Handy,Autoplay
E-03760,2026-05-19,Dienstag,20:17,U-0146,s-066,80,Tablet,Autoplay
E-03761,2026-05-19,Dienstag,21:37,U-0054,s-077,39,Tablet,Suche
E-03762,2026-05-19,Dienstag,22:34,U-0170,S-116,12,Handy,Autoplay
E-03763,2026-05-19,Dienstag,22:35,U-0104,S-081,362,,Playlist
E-03764,2026-05-19,Dienstag,22:43,U-0047,s-056,24,Tablet,Playlist
E-03765,2026-05-20,Mittwoch,05:00,U-0076,S-041,189,,Album
E-03766,2026-05-20,Mittwoch,08:23,U-0120,S-062,302,Handy,Autoplay
E-03767,2026-05-20,Mittwoch,09:38,U-0176,S-043,32,Handy,Suche
E-03768,2026-05-20,Mittwoch,15:06,,S-002,152,Handy,Autoplay
E-03769,2026-05-20,Mittwoch,16:41,U-0176,S-023,173,Desktop,Autoplay
E-03770,2026-05-20,Mittwoch,17:50,U-0200,S-074,281,Handy,Playlist
E-03771,2026-05-20,Mittwoch,18:10,U-0160,S-064,241,Handy,Suche
E-03772,2026-05-20,Mittwoch,18:31,U-0191,s-105,202,Tablet,Playlist
E-03773,2026-05-20,Mittwoch,18:57,U-0178,S-020,162,Handy,Playlist
E-03774,2026-05-20,Mittwoch,19:05,U-0022,S-083,51,Handy,Playlist
E-03775,2026-05-20,Mittwoch,19:28,U-0112,S-096,196,Desktop,Playlist
E-03776,2026-05-20,Mittwoch,19:48,U-0049,S-077,27,Handy,Playlist
E-03777,2026-05-20,Mittwoch,20:31,U-0161,S-025,194,Handy,Suche
E-03778,2026-05-20,Mittwoch,20:37,U-0087,S-031,242,Handy,Playlist
E-03779,2026-05-20,Mittwoch,21:12,U-0141,S-025,19,Desktop,Autoplay
E-03780,2026-05-20,Mittwoch,21:50,U-0084,S-101,67,Handy,Playlist
E-03781,2026-05-20,Mittwoch,22:35,U-0135,s-048,4,Tablet,Suche
E-03782,2026-05-20,Mittwoch,22:47,U-0176,S-064,26,Handy,Playlist
E-03783,2026-05-20,Mittwoch,22:53,U-0112,S-062,97,Desktop,Playlist
E-03784,2026-05-20,Mittwoch,23:58,U-0093,s-067,9,Tablet,Autoplay
E-03785,2026-05-21,Donnerstag,06:12,U-0002,s-041,189,Tablet,Playlist
E-03786,2026-05-21,Donnerstag,06:32,U-0151,S-078,16,Handy,Playlist
E-03787,2026-05-21,Donnerstag,07:30,U-0147,S-041,46,Desktop,Suche
E-03788,2026-05-21,Donnerstag,07:40,U-0143,S-002,152,Desktop,Playlist
E-03789,2026-05-21,Donnerstag,08:06,U-0105,S-011,9,Handy,Suche
E-03790,2026-05-21,Donnerstag,08:10,U-0107,S-025,194,Handy,Playlist
E-03791,2026-05-21,Donnerstag,08:14,U-0002,S-103,224,Handy,Album
E-03792,2026-05-21,Donnerstag,08:29,U-0200,S-025,194,Handy,Playlist
E-03793,2026-05-21,Donnerstag,12:05,U-0182,S-037,226,Handy,Playlist
E-03794,2026-05-21,Donnerstag,13:56,U-0143,S-053,167,Desktop,Album
E-03795,2026-05-21,Donnerstag,13:57,U-0105,S-082,88,Desktop,Playlist
E-03796,2026-05-21,Donnerstag,14:08,U-0117,S-116,312,Desktop,Autoplay
E-03797,2026-05-21,Donnerstag,14:40,U-0023,S-031,242,Smart Speaker,Autoplay
E-03798,2026-05-21,Donnerstag,14:49,U-0164,S-020,162,Desktop,Playlist
E-03799,2026-05-21,Donnerstag,14:52,U-0063,S-066,260,Desktop,Playlist
E-03800,2026-05-21,Donnerstag,15:21,U-0193,S-057,7,Handy,Autoplay
E-03801,2026-05-21,Donnerstag,16:57,U-0108,S-055,7,Desktop,Playlist
E-03802,2026-05-21,Donnerstag,17:02,U-0078,S-100,256,Smart Speaker,Suche
E-03803,2026-05-21,Donnerstag,17:36,U-0184,S-078,28,Desktop,Album
E-03804,2026-05-21,Donnerstag,18:04,U-0182,S-036,194,Handy,Album
E-03805,2026-05-21,Donnerstag,18:09,U-0085,S-002,152,Smart Speaker,Album
E-03806,2026-05-21,Donnerstag,18:52,U-0040,S-037,226,Desktop,Playlist
E-03807,2026-05-21,Donnerstag,18:53,U-0183,S-073,223,Desktop,Autoplay
E-03808,2026-05-21,Donnerstag,19:01,,S-041,189,Smart Speaker,Autoplay
E-03809,2026-05-21,Donnerstag,19:04,U-0063,S-025,194,Handy,Playlist
E-03810,2026-05-21,Donnerstag,19:15,U-0118,S-058,327,Smartphone,Album
E-03811,2026-05-21,Donnerstag,19:25,U-0070,S-090,239,Desktop,Suche
E-03812,2026-05-21,Donnerstag,19:35,U-0063,S-001,223,Smart Speaker,Playlist
E-03813,2026-05-21,Donnerstag,19:43,U-0157,s-011,146,Tablet,Album
E-03814,2026-05-21,Donnerstag,20:16,U-0160,S-036,194,Handy,Playlist
E-03815,2026-05-21,Donnerstag,20:30,U-0160,S-021,22,Handy,Autoplay
E-03816,2026-05-21,Donnerstag,20:38,U-0025,S-011,164,Smart Speaker,Album
E-03817,2026-05-21,Donnerstag,20:49,U-0024,S-002,87,Desktop,Playlist
E-03818,2026-05-21,Donnerstag,21:06,U-0063,S-064,25,Desktop,Album
E-03819,2026-05-21,Donnerstag,21:25,U-0026,S-041,189,Smart Speaker,Suche
E-03820,2026-05-21,Donnerstag,21:48,U-0052,S-090,239,Smart Speaker,Playlist
E-03821,2026-05-21,Donnerstag,22:27,U-0103,S-058,327,,Playlist
E-03822,2026-05-21,Donnerstag,22:36,U-0194,s-025,194,Tablet,Suche
E-03823,2026-05-21,Donnerstag,23:23,U-0052,S-002,152,Smart Speaker,Autoplay
E-03824,2026-05-22,Freitag,00:39,U-0103,s-088,9,Tablet,Playlist
E-03825,2026-05-22,Freitag,04:41,U-0083,S-070,319,Handy,Suche
E-03826,2026-05-22,Freitag,05:41,U-0129,S-002,152,Handy,Suche
E-03827,2026-05-22,Freitag,06:21,U-0068,S-050,29,Handy,Playlist
E-03828,2026-05-22,Freitag,07:16,U-0008,S-115,142,Handy,Autoplay
E-03829,2026-05-22,Freitag,07:25,U-0181,s-047,9999,Tablet,Playlist
E-03830,2026-05-22,Freitag,07:30,U-0160,S-011,164,Handy,Album
E-03831,2026-05-22,Freitag,07:53,U-0200,S-087,354,Handy,Album
E-03832,2026-05-22,Freitag,08:00,U-0088,S-004,96,Desktop,Playlist
E-03833,2026-05-22,Freitag,08:39,U-0088,S-001,223,,Playlist
E-03834,2026-05-22,Freitag,09:05,U-0058,S-037,43,Handy,Playlist
E-03835,2026-05-22,Freitag,09:21,U-0102,S-119,60,Handy,Autoplay
E-03836,2026-05-22,Freitag,09:32,U-0106,S-103,257,Desktop,Playlist
E-03837,2026-05-22,Freitag,09:45,U-0164,S-096,56,Handy,Autoplay
E-03838,2026-05-22,Freitag,10:09,U-0031,S-031,23,Handy,Autoplay
E-03839,2026-05-22,Freitag,11:41,U-0007,S-040,150,Smart Speaker,Playlist
E-03840,2026-05-22,Freitag,12:09,U-0105,S-064,135,Handy,Suche
E-03841,2026-05-22,Freitag,12:16,U-0068,S-074,281,Handy,Suche
E-03842,2026-05-22,Freitag,12:20,U-0200,S-004,156,Desktop,Suche
E-03843,2026-05-22,Freitag,12:39,U-0189,S-109,317,Desktop,Album
E-03844,2026-05-22,Freitag,13:03,U-0033,S-062,18,Handy,Autoplay
E-03845,2026-05-22,Freitag,13:24,U-0159,S-041,189,Desktop,Autoplay
E-03846,2026-05-22,Freitag,14:31,U-0110,S-002,152,Smart Speaker,Playlist
E-03847,2026-05-22,Freitag,14:41,U-0013,S-059,7,Handy,Suche
E-03848,2026-05-22,Freitag,14:46,U-0156,S-086,19,,Autoplay
E-03849,2026-05-22,Freitag,15:49,U-0063,S-063,25,Handy,Playlist
E-03850,2026-05-22,Freitag,15:56,U-0045,S-120,28,Desktop,Autoplay
E-03851,2026-05-22,Freitag,16:10,U-0054,S-105,187,Handy,Playlist
E-03852,2026-05-22,Freitag,16:34,U-0111,S-025,194,Desktop,Album
E-03853,2026-05-22,Freitag,16:48,U-0107,S-007,210,Desktop,Playlist
E-03854,2026-05-22,Freitag,17:13,U-0060,s-015,20,Tablet,Autoplay
E-03855,2026-05-22,Freitag,17:50,U-0084,S-002,126,Smart Speaker,Playlist
E-03856,2026-05-22,Freitag,18:18,U-0107,S-037,177,Desktop,Playlist
E-03857,2026-05-22,Freitag,18:19,U-0120,S-031,242,Desktop,Playlist
E-03858,2026-05-22,Freitag,19:11,U-0149,S-002,120,Handy,Playlist
E-03859,2026-05-22,Freitag,19:23,U-0041,S-097,195,Smart Speaker,Album
E-03860,2026-05-22,Freitag,19:30,U-0054,S-114,374,Handy,Playlist
E-03861,2026-05-22,Freitag,19:44,U-0106,S-096,140,Smart Speaker,Playlist
E-03862,2026-05-22,Freitag,21:23,U-0063,S-097,127,Smart Speaker,Autoplay
E-03863,2026-05-22,Freitag,21:45,U-0060,S-011,164,Desktop,Autoplay
E-03864,2026-05-22,Freitag,22:35,U-0179,S-114,25,Smart Speaker,Playlist
E-03865,2026-05-22,Freitag,23:16,U-0196,S-041,189,Smart Speaker,Playlist
E-03866,2026-05-23,Samstag,01:15,U-0031,S-057,29,Smart Speaker,Autoplay
E-03867,2026-05-23,Samstag,01:36,U-0037,S-094,211,Smart Speaker,Album
E-03868,2026-05-23,Samstag,04:52,U-0170,S-096,20,Handy,Autoplay
E-03869,2026-05-23,Samstag,06:50,U-0033,S-053,153,Handy,Playlist
E-03870,2026-05-23,Samstag,07:01,U-0040,S-025,107,Handy,Playlist
E-03871,2026-05-23,Samstag,07:05,U-0160,s-025,194,Tablet,Album
E-03872,2026-05-23,Samstag,07:13,U-0191,S-049,28,Handy,Album
E-03873,2026-05-23,Samstag,07:21,U-0127,S-002,152,Handy,Playlist
E-03874,2026-05-23,Samstag,07:40,U-0010,s-057,308,Tablet,Playlist
E-03875,2026-05-23,Samstag,07:42,U-0047,S-105,202,Desktop,Suche
E-03876,2026-05-23,Samstag,07:49,U-0058,S-002,152,Handy,Autoplay
E-03877,2026-05-23,Samstag,08:02,U-0048,S-078,208,Desktop,Suche
E-03878,2026-05-23,Samstag,08:36,U-0105,S-105,168,Handy,Playlist
E-03879,2026-05-23,Samstag,09:37,U-0191,S-038,80,Handy,Playlist
E-03880,2026-05-23,Samstag,10:49,U-0095,S-062,302,Smart Speaker,Playlist
E-03881,2026-05-23,Samstag,11:30,U-0049,S-031,177,Handy,Autoplay
E-03882,2026-05-23,Samstag,14:01,U-0105,S-068,12,Handy,Album
E-03883,2026-05-23,Samstag,14:59,U-0123,s-085,7,Tablet,Autoplay
E-03884,2026-05-23,Samstag,15:39,U-0159,S-002,14,Smart Speaker,Suche
E-03885,2026-05-23,Samstag,16:05,U-0070,s-011,111,Tablet,Playlist
E-03886,2026-05-23,Samstag,16:27,U-0118,S-021,223,handy,Album
E-03887,2026-05-23,Samstag,17:01,U-0207,S-053,248,Smart Speaker,Album
E-03888,2026-05-23,Samstag,18:34,U-0007,S-092,169,Smart Speaker,Playlist
E-03889,2026-05-23,Samstag,18:52,U-0105,S-086,339,Handy,Autoplay
E-03890,2026-05-23,Samstag,19:28,U-0086,S-064,110,,Album
E-03891,2026-05-23,Samstag,19:29,U-0058,S-037,3,Handy,Playlist
E-03892,2026-05-23,Samstag,19:42,U-0182,S-066,260,Smart Speaker,Playlist
E-03893,2026-05-23,Samstag,19:55,U-0104,S-021,56,Desktop,Autoplay
E-03894,2026-05-23,Samstag,19:56,U-0176,S-096,196,Handy,Suche
E-03895,2026-05-23,Samstag,20:52,U-0097,s-060,205,Tablet,Playlist
E-03896,2026-05-23,Samstag,21:07,U-0148,S-066,127,Smart Speaker,Playlist
E-03897,2026-05-23,Samstag,21:49,U-0068,s-025,194,Tablet,Playlist
E-03898,2026-05-23,Samstag,23:03,U-0058,S-100,256,Handy,Playlist
E-03899,2026-05-23,Samstag,23:24,U-0061,S-041,189,Desktop,Playlist
E-03900,2026-05-23,Samstag,23:36,U-0059,S-025,23,Smart Speaker,Playlist
E-03901,2026-05-24,Sonntag,05:20,U-0141,S-059,86,Handy,Playlist
E-03902,2026-05-24,Sonntag,06:35,U-0049,S-075,356,Handy,Playlist
E-03903,2026-05-24,Sonntag,07:37,U-0070,S-016,79,Handy,Playlist
E-03904,2026-05-24,Sonntag,07:55,U-0261,S-039,64,,Playlist
E-03905,2026-05-24,Sonntag,08:07,U-0151,S-064,241,Handy,Playlist
E-03906,2026-05-24,Sonntag,09:11,U-0070,S-086,28,Desktop,Album
E-03907,2026-05-24,Sonntag,10:22,U-0170,S-114,7,,Playlist
E-03908,2026-05-24,Sonntag,11:19,U-0107,S-086,105,Handy,Autoplay
E-03909,2026-05-24,Sonntag,11:43,U-0161,S-018,19,Handy,Autoplay
E-03910,2026-05-24,Sonntag,13:08,U-0026,S-001,172,Handy,Playlist
E-03911,2026-05-24,Sonntag,13:53,U-0066,S-062,302,Smart Speaker,Suche
E-03912,2026-05-24,Sonntag,14:35,U-0158,s-025,194,Tablet,Autoplay
E-03913,2026-05-24,Sonntag,16:15,U-0049,s-025,115,Tablet,Playlist
E-03914,2026-05-24,Sonntag,16:30,U-0037,s-025,194,Tablet,Suche
E-03915,2026-05-24,Sonntag,17:20,U-0099,S-018,24,Handy,Autoplay
E-03916,2026-05-24,Sonntag,17:27,U-0132,S-033,110,Smart Speaker,Playlist
E-03917,2026-05-24,Sonntag,17:56,U-0110,S-103,257,Handy,Album
E-03918,2026-05-24,Sonntag,17:57,U-0189,S-041,168,Handy,Suche
E-03919,2026-05-24,Sonntag,18:47,U-0037,S-004,156,Smart Speaker,Album
E-03920,2026-05-24,Sonntag,19:23,,S-011,78,Desktop,Autoplay
E-03921,2026-05-24,Sonntag,19:58,U-0065,S-002,152,Handy,Playlist
E-03922,2026-05-24,Sonntag,20:03,U-0031,s-002,152,Tablet,Suche
E-03923,2026-05-24,Sonntag,20:22,U-0014,s-064,241,Tablet,Album
E-03924,2026-05-25,Montag,00:12,U-0107,S-015,160,Smart Speaker,Playlist
E-03925,2026-05-25,Montag,06:25,U-0032,S-002,152,Handy,Album
E-03926,2026-05-25,Montag,07:18,U-0152,S-057,308,Desktop,Autoplay
E-03927,2026-05-25,Montag,07:36,U-0021,S-002,17,Handy,Playlist
E-03928,2026-05-25,Montag,08:22,U-0092,S-025,19,Handy,Playlist
E-03929,2026-05-25,Montag,09:57,U-0047,S-110,444,Handy,Suche
E-03930,2026-05-25,Montag,10:15,U-0081,S-011,9,Handy,Album
E-03931,2026-05-25,Montag,11:36,U-0127,s-052,204,Tablet,Playlist
E-03932,2026-05-25,Montag,11:53,U-0151,S-085,139,Handy,Suche
E-03933,2026-05-25,Montag,13:51,U-0032,S-037,226,Desktop,Playlist
E-03934,2026-05-25,Montag,15:18,U-0095,s-002,152,Tablet,Album
E-03935,2026-05-25,Montag,16:52,U-0170,S-111,20,Desktop,Autoplay
E-03936,2026-05-25,Montag,18:21,U-0163,s-084,205,Tablet,Album
E-03937,2026-05-25,Montag,18:35,U-0110,S-059,4,Desktop,Playlist
E-03938,2026-05-25,Montag,19:04,U-0084,S-064,12,Smart Speaker,Playlist
E-03939,2026-05-25,Montag,19:25,U-0115,S-066,195,Handy,Playlist
E-03940,2026-05-25,Montag,19:58,U-0112,S-011,66,Handy,Playlist
E-03941,2026-05-25,Montag,20:23,U-0064,S-103,257,Smart Speaker,Album
E-03942,2026-05-25,Montag,21:39,U-0166,S-078,10,Desktop,Playlist
E-03943,2026-05-25,Montag,23:03,U-0063,s-046,32,Tablet,Playlist
E-03944,2026-05-25,Montag,23:13,U-0063,S-088,120,Smart Speaker,Autoplay
E-03945,2026-05-25,Montag,23:55,U-0023,S-096,196,Handy,Playlist
E-03946,2026-05-26,Dienstag,05:05,U-0140,S-083,200,Desktop,Suche
E-03947,2026-05-26,Dienstag,05:58,U-0132,s-021,19,Tablet,Autoplay
E-03948,2026-05-26,Dienstag,08:10,U-0063,S-002,152,Handy,Playlist
E-03949,2026-05-26,Dienstag,08:20,U-0123,S-041,28,Smart Speaker,Autoplay
E-03950,2026-05-26,Dienstag,08:39,U-0070,s-031,54,Tablet,Playlist
E-03951,2026-05-26,Dienstag,09:59,,S-064,41,,Playlist
E-03952,2026-05-26,Dienstag,10:50,U-0040,S-090,239,Desktop,Suche
E-03953,2026-05-26,Dienstag,11:25,U-0086,s-025,194,Tablet,Autoplay
E-03954,2026-05-26,Dienstag,12:08,U-0093,S-033,241,Smart Speaker,Playlist
E-03955,2026-05-26,Dienstag,13:40,U-0049,S-032,239,Desktop,Autoplay
E-03956,2026-05-26,Dienstag,13:57,U-0102,S-107,27,Desktop,Autoplay
E-03957,2026-05-26,Dienstag,14:55,U-0083,S-041,89,Desktop,Suche
E-03958,2026-05-26,Dienstag,16:30,U-0070,S-066,116,Desktop,Album
E-03959,2026-05-26,Dienstag,18:41,U-0014,S-014,201,Handy,Suche
E-03960,2026-05-26,Dienstag,19:01,U-0035,S-041,11,Desktop,Playlist
E-03961,2026-05-26,Dienstag,19:10,U-0149,S-041,189,Smart Speaker,Autoplay
E-03962,2026-05-26,Dienstag,20:08,U-0200,S-025,15,Desktop,Playlist
E-03963,2026-05-26,Dienstag,20:47,U-0181,S-081,362,Handy,Album
E-03964,2026-05-26,Dienstag,22:04,U-0044,s-002,152,Tablet,Autoplay
E-03965,2026-05-27,Mittwoch,01:02,U-0189,S-002,152,Desktop,Playlist
E-03966,2026-05-27,Mittwoch,05:08,U-0037,S-002,152,Handy,Playlist
E-03967,2026-05-27,Mittwoch,06:02,U-0118,S-062,175,Handy,Playlist
E-03968,2026-05-27,Mittwoch,06:13,U-0063,S-041,189,Handy,Autoplay
E-03969,2026-05-27,Mittwoch,07:17,U-0049,S-102,29,Handy,Playlist
E-03970,2026-05-27,Mittwoch,07:27,U-0073,S-062,19,Handy,Album
E-03971,2026-05-27,Mittwoch,07:31,U-0093,S-087,354,Handy,Suche
E-03972,2026-05-27,Mittwoch,08:36,U-0170,S-115,5,Smart Speaker,Album
E-03973,2026-05-27,Mittwoch,08:46,U-0077,S-060,118,Handy,Playlist
E-03974,2026-05-27,Mittwoch,09:36,U-0097,S-047,5,Handy,Autoplay
E-03975,2026-05-27,Mittwoch,09:55,U-0102,S-021,223,Handy,Album
E-03976,2026-05-27,Mittwoch,10:02,U-0034,S-002,152,Handy,Playlist
E-03977,2026-05-27,Mittwoch,11:18,U-0049,S-004,136,Desktop,Suche
E-03978,2026-05-27,Mittwoch,12:07,U-0128,S-011,164,Desktop,Suche
E-03979,2026-05-27,Mittwoch,12:26,U-0080,s-060,93,Tablet,Playlist
E-03980,2026-05-27,Mittwoch,13:03,U-0043,s-046,91,Tablet,Playlist
E-03981,2026-05-27,Mittwoch,13:44,U-0007,S-011,164,Desktop,Album
E-03982,2026-05-27,Mittwoch,13:53,U-0020,S-025,71,Handy,Playlist
E-03983,2026-05-27,Mittwoch,14:04,U-0200,S-002,152,Desktop,Playlist
E-03984,2026-05-27,Mittwoch,14:22,U-0045,S-002,152,Desktop,Suche
E-03985,2026-05-27,Mittwoch,15:46,U-0074,S-021,223,handy,Playlist
E-03986,2026-05-27,Mittwoch,17:00,U-0131,S-045,15,Smart Speaker,Autoplay
E-03987,2026-05-27,Mittwoch,17:31,U-0151,S-064,98,Smart Speaker,Suche
E-03988,2026-05-27,Mittwoch,18:43,U-0033,s-064,15,Tablet,Playlist
E-03989,2026-05-27,Mittwoch,20:14,U-0118,S-085,253,Smart Speaker,Album
E-03990,2026-05-27,Mittwoch,21:28,U-0089,S-064,241,Handy,Playlist
E-03991,2026-05-27,Mittwoch,21:32,U-0160,S-078,14,Handy,Autoplay
E-03992,2026-05-27,Mittwoch,22:01,U-0070,S-003,181,,Suche
E-03993,2026-05-28,Donnerstag,06:16,U-0141,S-057,8,Handy,Autoplay
E-03994,2026-05-28,Donnerstag,07:32,U-0056,S-026,106,Handy,Playlist
E-03995,2026-05-28,Donnerstag,07:48,U-0135,S-025,12,Handy,Suche
E-03996,2026-05-28,Donnerstag,08:01,U-0054,S-090,239,Handy,Playlist
E-03997,2026-05-28,Donnerstag,08:29,U-0001,s-096,85,Tablet,Autoplay
E-03998,2026-05-28,Donnerstag,08:35,U-0139,S-114,416,Handy,Playlist
E-03999,2026-05-28,Donnerstag,09:44,U-0014,S-070,319,Handy,Album
E-04000,2026-05-28,Donnerstag,10:32,U-0010,S-024,221,Handy,Album
E-04001,2026-05-28,Donnerstag,11:36,U-0014,S-041,189,Handy,Album
E-04002,2026-05-28,Donnerstag,12:05,U-0002,S-047,175,Desktop,Album
E-04003,2026-05-28,Donnerstag,14:29,U-0097,S-105,202,Handy,Playlist
E-04004,2026-05-28,Donnerstag,15:06,U-0164,S-079,9,Handy,Suche
E-04005,2026-05-28,Donnerstag,15:10,U-0078,S-062,302,Desktop,Album
E-04006,2026-05-28,Donnerstag,16:08,U-0192,S-003,167,Handy,Album
E-04007,2026-05-28,Donnerstag,16:19,U-0049,S-002,152,Desktop,Playlist
E-04008,2026-05-28,Donnerstag,16:39,U-0173,S-064,241,Desktop,Suche
E-04009,2026-05-28,Donnerstag,17:31,U-0119,S-114,416,Desktop,Playlist
E-04010,2026-05-28,Donnerstag,17:41,U-0109,S-104,11,Smart Speaker,Album
E-04011,2026-05-28,Donnerstag,18:53,U-0261,S-058,327,Smart Speaker,Suche
E-04012,2026-05-28,Donnerstag,19:22,U-0146,S-002,152,Smart Speaker,Autoplay
E-04013,2026-05-28,Donnerstag,19:41,U-0054,s-021,223,Tablet,Suche
E-04014,2026-05-28,Donnerstag,20:21,U-0040,S-103,257,Handy,Album
E-04015,2026-05-28,Donnerstag,20:32,U-0177,S-047,3,Handy,Autoplay
E-04016,2026-05-28,Donnerstag,20:35,U-0014,S-031,242,Smart Speaker,Album
E-04017,2026-05-28,Donnerstag,20:39,U-0097,S-001,223,Handy,Album
E-04018,2026-05-28,Donnerstag,20:45,U-0038,S-002,16,Smartphone,Playlist
E-04019,2026-05-28,Donnerstag,20:58,U-0068,s-096,156,Tablet,Playlist
E-04020,2026-05-28,Donnerstag,21:06,U-0033,S-097,195,Handy,Autoplay
E-04021,2026-05-28,Donnerstag,21:14,,S-078,16,Smart Speaker,Playlist
E-04022,2026-05-28,Donnerstag,21:16,U-0106,S-002,152,,Autoplay
E-04023,2026-05-28,Donnerstag,21:17,U-0054,S-041,134,Handy,Suche
E-04024,2026-05-28,Donnerstag,21:22,U-0148,S-026,245,,Album
E-04025,2026-05-28,Donnerstag,21:28,U-0027,S-100,141,Handy,Playlist
E-04026,2026-05-28,Donnerstag,21:39,U-0045,s-011,164,Tablet,Album
E-04027,2026-05-28,Donnerstag,21:47,U-0200,S-001,223,Handy,Suche
E-04028,2026-05-28,Donnerstag,22:17,U-0004,s-016,205,Tablet,Autoplay
E-04029,2026-05-28,Donnerstag,23:12,U-0178,S-047,264,Desktop,Playlist
E-04030,2026-05-29,Freitag,02:25,U-0087,S-082,159,Desktop,Autoplay
E-04031,2026-05-29,Freitag,05:22,U-0183,S-004,156,Handy,Playlist
E-04032,2026-05-29,Freitag,06:28,U-0108,S-078,21,Handy,Album
E-04033,2026-05-29,Freitag,06:34,U-0117,S-007,210,Handy,Suche
E-04034,2026-05-29,Freitag,06:37,U-0077,S-120,442,Handy,Suche
E-04035,2026-05-29,Freitag,07:16,U-0129,S-015,126,Handy,Autoplay
E-04036,2026-05-29,Freitag,07:27,U-0063,S-047,264,,Playlist
E-04037,2026-05-29,Freitag,07:41,U-0063,S-057,308,Handy,Album
E-04038,2026-05-29,Freitag,08:23,U-0097,S-002,152,Handy,Playlist
E-04039,2026-05-29,Freitag,08:33,U-0064,S-062,161,Handy,Playlist
E-04040,2026-05-29,Freitag,08:34,U-0039,S-096,95,Handy,Suche
E-04041,2026-05-29,Freitag,08:42,U-0048,S-021,78,Handy,Autoplay
E-04042,2026-05-29,Freitag,09:13,U-0105,s-002,152,Tablet,Album
E-04043,2026-05-29,Freitag,09:16,U-0010,S-031,242,Handy,Album
E-04044,2026-05-29,Freitag,09:25,U-0038,S-054,101,Handy,Playlist
E-04045,2026-05-29,Freitag,09:26,U-0095,S-015,160,Smart Speaker,Autoplay
E-04046,2026-05-29,Freitag,09:49,U-0022,S-074,117,Handy,Playlist
E-04047,2026-05-29,Freitag,09:55,U-0031,S-072,261,Smartphone,Playlist
E-04048,2026-05-29,Freitag,10:50,U-0022,S-101,3,Desktop,Suche
E-04049,2026-05-29,Freitag,11:06,U-0051,s-062,227,Tablet,Autoplay
E-04050,2026-05-29,Freitag,11:28,U-0143,s-078,152,Tablet,Suche
E-04051,2026-05-29,Freitag,11:41,U-0088,S-002,48,Desktop,Playlist
E-04052,2026-05-29,Freitag,12:21,U-0142,S-002,70,Desktop,Album
E-04053,2026-05-29,Freitag,12:48,U-0102,s-031,12,Tablet,Playlist
E-04054,2026-05-29,Freitag,13:41,U-0105,S-100,256,Handy,Album
E-04055,2026-05-29,Freitag,16:02,U-0132,S-088,237,Desktop,Playlist
E-04056,2026-05-29,Freitag,16:09,U-0146,S-031,23,Handy,Playlist
E-04057,2026-05-29,Freitag,17:12,U-0070,S-025,194,Desktop,Playlist
E-04058,2026-05-29,Freitag,17:20,U-0043,S-002,18,Handy,Autoplay
E-04059,2026-05-29,Freitag,18:09,U-0084,S-114,257,,Playlist
E-04060,2026-05-29,Freitag,18:12,U-0077,S-086,20,Smart Speaker,Autoplay
E-04061,2026-05-29,Freitag,19:16,U-0063,S-064,30,Smart Speaker,Playlist
E-04062,2026-05-29,Freitag,19:49,U-0026,S-005,205,Smart Speaker,Suche
E-04063,2026-05-29,Freitag,20:53,U-0107,S-021,223,Handy,Album
E-04064,2026-05-29,Freitag,21:57,U-0103,s-085,253,Tablet,Playlist
E-04065,2026-05-29,Freitag,22:06,U-0052,S-105,202,Handy,Suche
E-04066,2026-05-29,Freitag,22:29,U-0054,S-001,54,Handy,Autoplay
E-04067,2026-05-29,Freitag,22:45,U-0102,S-047,264,Smart Speaker,Playlist
E-04068,2026-05-30,Samstag,00:18,U-0095,S-002,93,Desktop,Playlist
E-04069,2026-05-30,Samstag,06:27,U-0060,S-024,221,Handy,Suche
E-04070,2026-05-30,Samstag,07:03,U-0122,S-028,195,Handy,Autoplay
E-04071,2026-05-30,Samstag,07:44,U-0107,S-068,16,Handy,Suche
E-04072,2026-05-30,Samstag,08:03,,S-041,189,Handy,Suche
E-04073,2026-05-30,Samstag,08:06,U-0102,S-069,23,Smart Speaker,Playlist
E-04074,2026-05-30,Samstag,08:18,U-0110,S-074,281,Handy,Autoplay
E-04075,2026-05-30,Samstag,08:35,U-0063,S-074,59,Handy,Autoplay
E-04076,2026-05-30,Samstag,08:38,U-0159,S-002,152,Handy,Album
E-04077,2026-05-30,Samstag,09:11,U-0117,S-041,4,Handy,Autoplay
E-04078,2026-05-30,Samstag,10:17,U-0007,S-064,105,,Album
E-04079,2026-05-30,Samstag,10:32,U-0063,S-064,55,Desktop,Playlist
E-04080,2026-05-30,Samstag,11:42,U-0166,S-072,296,Desktop,Album
E-04081,2026-05-30,Samstag,11:47,U-0135,S-011,164,Handy,Playlist
E-04082,2026-05-30,Samstag,12:00,U-0124,S-003,181,Handy,Playlist
E-04083,2026-05-30,Samstag,12:41,U-0011,S-105,202,Handy,Album
E-04084,2026-05-30,Samstag,12:49,U-0073,S-101,98,Handy,Playlist
E-04085,2026-05-30,Samstag,12:54,U-0051,s-011,164,Tablet,Album
E-04086,2026-05-30,Samstag,14:19,U-0185,S-091,216,Handy,Playlist
E-04087,2026-05-30,Samstag,14:55,U-0010,S-041,189,Handy,Album
E-04088,2026-05-30,Samstag,15:08,U-0011,S-094,40,Handy,Autoplay
E-04089,2026-05-30,Samstag,15:11,U-0183,S-092,204,Handy,Playlist
E-04090,2026-05-30,Samstag,15:13,U-0129,S-070,319,Handy,Playlist
E-04091,2026-05-30,Samstag,16:47,U-0105,S-005,79,Smart Speaker,Playlist
E-04092,2026-05-30,Samstag,16:53,U-0141,S-040,19,Smart Speaker,Autoplay
E-04093,2026-05-30,Samstag,17:12,U-0037,S-067,230,Smart Speaker,Playlist
E-04094,2026-05-30,Samstag,17:28,U-0135,s-025,194,Tablet,Album
E-04095,2026-05-30,Samstag,17:30,U-0027,s-002,152,Tablet,Playlist
E-04096,2026-05-30,Samstag,17:34,U-0066,s-078,172,Tablet,Playlist
E-04097,2026-05-30,Samstag,17:43,U-0092,S-096,196,Smart Speaker,Album
E-04098,2026-05-30,Samstag,17:59,U-0176,S-025,122,Handy,Playlist
E-04099,2026-05-30,Samstag,18:08,U-0152,S-078,208,Handy,Playlist
E-04100,2026-05-30,Samstag,18:10,U-0023,s-025,194,Tablet,Suche
E-04101,2026-05-30,Samstag,19:36,U-0128,S-016,205,Desktop,Album
E-04102,2026-05-30,Samstag,19:38,U-0065,S-066,32,Desktop,Album
E-04103,2026-05-30,Samstag,19:46,U-0041,S-005,205,Smart Speaker,Playlist
E-04104,2026-05-30,Samstag,20:23,U-0069,S-101,253,Smart Speaker,Album
E-04105,2026-05-30,Samstag,20:47,U-0181,S-090,239,Smart Speaker,Autoplay
E-04106,2026-05-30,Samstag,21:11,U-0070,S-086,78,Handy,Suche
E-04107,2026-05-30,Samstag,21:58,U-0057,S-039,190,Handy,Playlist
E-04108,2026-05-30,Samstag,22:03,U-0054,s-064,241,Tablet,Playlist
E-04109,2026-05-30,Samstag,22:34,U-0049,S-044,160,Smart Speaker,Playlist
E-04110,2026-05-30,Samstag,22:42,U-0005,S-032,138,Smart Speaker,Album
E-04111,2026-05-30,Samstag,22:59,U-0167,S-002,3,Handy,Autoplay
E-04112,2026-05-31,Sonntag,01:03,U-0058,S-081,6,Smart Speaker,Suche
E-04113,2026-05-31,Sonntag,06:32,U-0145,S-036,194,Handy,Suche
E-04114,2026-05-31,Sonntag,07:59,U-0013,S-036,194,Handy,Playlist
E-04115,2026-05-31,Sonntag,08:18,U-0059,S-104,201,Handy,Album
E-04116,2026-05-31,Sonntag,08:46,U-0052,S-013,50,Handy,Playlist
E-04117,2026-05-31,Sonntag,10:21,U-0135,S-064,179,Desktop,Autoplay
E-04118,2026-05-31,Sonntag,10:59,,S-002,152,Handy,Autoplay
E-04119,2026-05-31,Sonntag,12:13,U-0183,S-031,56,Handy,Playlist
E-04120,2026-05-31,Sonntag,12:55,U-0107,S-002,14,Handy,Playlist
E-04121,2026-05-31,Sonntag,13:01,U-0100,S-070,319,Handy,Playlist
E-04122,2026-05-31,Sonntag,13:13,U-0105,S-011,164,Handy,Suche
E-04123,2026-05-31,Sonntag,13:25,U-0063,S-025,8,Handy,Autoplay
E-04124,2026-05-31,Sonntag,14:41,U-0063,S-002,67,Handy,Playlist
E-04125,2026-05-31,Sonntag,17:03,U-0065,S-033,241,Handy,Autoplay
E-04126,2026-05-31,Sonntag,17:10,U-0166,S-002,64,Smart Speaker,Suche
E-04127,2026-05-31,Sonntag,18:37,U-0105,S-109,317,Desktop,Playlist
E-04128,2026-05-31,Sonntag,19:21,U-0177,S-002,152,Desktop,Suche
E-04129,2026-05-31,Sonntag,21:13,U-0189,s-041,147,Tablet,Playlist
E-04130,2026-05-31,Sonntag,21:16,U-0044,s-088,93,Tablet,Playlist
E-04131,2026-05-31,Sonntag,21:23,U-0101,S-011,10,Smart Speaker,Playlist
E-04132,2026-05-31,Sonntag,21:29,U-0075,s-105,12,Tablet,Autoplay
E-04133,2026-05-31,Sonntag,22:17,U-0054,S-115,341,Smart Speaker,Autoplay
E-04134,2026-05-31,Sonntag,22:31,U-0063,S-064,241,Smart Speaker,Suche
E-04135,2026-05-31,Sonntag,22:53,U-0071,S-086,6,Handy,Autoplay
E-04136,2026-05-31,Sonntag,23:53,U-0161,s-070,109,Tablet,Album
E-04137,2026-06-01,Montag,06:10,U-0167,S-064,17,Handy,Playlist
E-04138,2026-06-01,Montag,06:35,U-0099,S-104,201,Handy,Album
E-04139,2026-06-01,Montag,08:04,U-0170,S-047,46,Handy,Album
E-04140,2026-06-01,Montag,09:09,,S-011,19,Desktop,Playlist
E-04141,2026-06-01,Montag,09:16,U-0053,S-062,302,Handy,Autoplay
E-04142,2026-06-01,Montag,09:32,U-0031,S-002,133,Handy,Album
E-04143,2026-06-01,Montag,10:29,U-0033,S-016,205,Desktop,Playlist
E-04144,2026-06-01,Montag,11:12,U-0069,S-111,10,Handy,Autoplay
E-04145,2026-06-01,Montag,13:50,,S-001,223,Desktop,Autoplay
E-04146,2026-06-01,Montag,14:41,U-0010,S-088,13,Handy,Autoplay
E-04147,2026-06-01,Montag,16:14,U-0041,S-105,202,Desktop,Playlist
E-04148,2026-06-01,Montag,16:20,U-0038,S-002,4,Handy,Autoplay
E-04149,2026-06-01,Montag,16:32,U-0063,S-047,264,Smart Speaker,Suche
E-04150,2026-06-01,Montag,17:09,U-0034,S-002,24,Smart Speaker,Autoplay
E-04151,2026-06-01,Montag,17:59,U-0113,S-057,308,Desktop,Album
E-04152,2026-06-01,Montag,18:02,U-0178,s-031,3,Tablet,Album
E-04153,2026-06-01,Montag,18:16,U-0054,S-112,369,Smart Speaker,Playlist
E-04154,2026-06-01,Montag,18:40,U-0049,S-001,223,Handy,Autoplay
E-04155,2026-06-01,Montag,18:59,U-0073,S-011,42,Handy,Playlist
E-04156,2026-06-01,Montag,19:24,U-0118,S-064,241,Smart Speaker,Suche
E-04157,2026-06-01,Montag,19:34,U-0141,s-044,138,Tablet,Autoplay
E-04158,2026-06-01,Montag,19:35,U-0135,S-058,10,Handy,Suche
E-04159,2026-06-01,Montag,20:13,U-0095,S-064,21,Smart Speaker,Autoplay
E-04160,2026-06-01,Montag,20:37,U-0151,S-025,48,Smart Speaker,Autoplay
E-04161,2026-06-01,Montag,20:49,U-0123,s-062,302,Tablet,Playlist
E-04162,2026-06-01,Montag,21:19,U-0054,s-021,53,Tablet,Playlist
E-04163,2026-06-01,Montag,21:52,U-0068,s-114,349,Tablet,Playlist
E-04164,2026-06-01,Montag,22:05,U-0039,S-080,95,Handy,Album
E-04165,2026-06-01,Montag,22:26,U-0105,S-053,85,Handy,Album
E-04166,2026-06-01,Montag,22:57,U-0049,S-011,164,Smart Speaker,Autoplay
E-04167,2026-06-01,Montag,23:01,U-0156,S-091,198,Handy,Autoplay
E-04168,2026-06-02,Dienstag,01:24,U-0058,S-002,152,Desktop,Autoplay
E-04169,2026-06-02,Dienstag,06:26,U-0001,S-002,152,Handy,Playlist
E-04170,2026-06-02,Dienstag,07:30,U-0151,S-064,173,Desktop,Suche
E-04171,2026-06-02,Dienstag,07:36,U-0048,S-046,273,Desktop,Playlist
E-04172,2026-06-02,Dienstag,08:18,U-0037,S-078,22,Handy,Playlist
E-04173,2026-06-02,Dienstag,08:33,U-0192,S-070,319,Handy,Playlist
E-04174,2026-06-02,Dienstag,09:03,U-0128,S-002,152,Smart Speaker,Playlist
E-04175,2026-06-02,Dienstag,09:14,U-0005,S-004,156,Handy,Playlist
E-04176,2026-06-02,Dienstag,09:18,U-0007,S-041,13,Smartphone,Autoplay
E-04177,2026-06-02,Dienstag,09:27,U-0072,S-055,316,Handy,Suche
E-04178,2026-06-02,Dienstag,09:45,U-0045,S-038,207,Handy,Suche
E-04179,2026-06-02,Dienstag,09:46,U-0135,S-047,230,,Album
E-04180,2026-06-02,Dienstag,11:49,,S-036,17,Desktop,Playlist
E-04181,2026-06-02,Dienstag,12:20,U-0163,S-002,23,Desktop,Autoplay
E-04182,2026-06-02,Dienstag,12:36,U-0051,S-070,268,Handy,Autoplay
E-04183,2026-06-02,Dienstag,13:08,U-0083,S-047,264,Handy,Playlist
E-04184,2026-06-02,Dienstag,13:53,U-0102,S-112,369,Desktop,Playlist
E-04185,2026-06-02,Dienstag,15:37,U-0088,S-002,152,Handy,Playlist
E-04186,2026-06-02,Dienstag,16:55,U-0094,s-002,14,Tablet,Autoplay
E-04187,2026-06-02,Dienstag,17:04,U-0095,S-064,241,Handy,Suche
E-04188,2026-06-02,Dienstag,17:08,U-0063,S-066,26,Desktop,Autoplay
E-04189,2026-06-02,Dienstag,17:13,,S-009,223,Handy,Playlist
E-04190,2026-06-02,Dienstag,18:34,U-0023,S-041,189,Handy,Album
E-04191,2026-06-02,Dienstag,18:49,,S-031,242,Handy,Suche
E-04192,2026-06-02,Dienstag,18:59,U-0142,S-064,117,Desktop,Album
E-04193,2026-06-02,Dienstag,20:05,U-0037,S-035,169,Handy,Album
E-04194,2026-06-02,Dienstag,21:35,U-0140,S-064,241,Smart Speaker,Album
E-04195,2026-06-02,Dienstag,22:15,U-0074,S-011,164,Handy,Suche
E-04196,2026-06-02,Dienstag,22:18,U-0188,s-041,25,Tablet,Autoplay
E-04197,2026-06-02,Dienstag,22:19,U-0068,S-041,3,Handy,Autoplay
E-04198,2026-06-02,Dienstag,22:52,U-0095,S-001,81,Handy,Album
E-04199,2026-06-03,Mittwoch,07:37,U-0158,S-031,24,Handy,Playlist
E-04200,2026-06-03,Mittwoch,08:43,U-0177,S-115,341,Handy,Suche
E-04201,2026-06-03,Mittwoch,09:50,U-0045,S-005,62,Smart Speaker,Playlist
E-04202,2026-06-03,Mittwoch,10:19,U-0008,S-062,13,,Playlist
E-04203,2026-06-03,Mittwoch,10:20,U-0002,S-002,152,Handy,Playlist
E-04204,2026-06-03,Mittwoch,10:28,U-0063,S-062,5,Desktop,Album
E-04205,2026-06-03,Mittwoch,11:08,U-0143,S-096,196,Handy,Suche
E-04206,2026-06-03,Mittwoch,13:19,U-0112,S-078,19,Handy,Suche
E-04207,2026-06-03,Mittwoch,14:27,U-0146,S-025,194,Desktop,Album
E-04208,2026-06-03,Mittwoch,15:51,U-0010,S-114,290,Handy,Album
E-04209,2026-06-03,Mittwoch,16:42,U-0008,S-093,211,Handy,Playlist
E-04210,2026-06-03,Mittwoch,17:42,U-0161,s-011,62,Tablet,Playlist
E-04211,2026-06-03,Mittwoch,17:49,U-0046,S-004,156,,Playlist
E-04212,2026-06-03,Mittwoch,17:52,U-0100,s-031,242,Tablet,Playlist
E-04213,2026-06-03,Mittwoch,18:17,U-0007,S-021,223,Handy,Playlist
E-04214,2026-06-03,Mittwoch,19:39,U-0170,s-064,241,Tablet,Album
E-04215,2026-06-03,Mittwoch,19:53,U-0061,s-042,6,Tablet,Suche
E-04216,2026-06-03,Mittwoch,20:24,U-0021,S-021,21,Handy,Autoplay
E-04217,2026-06-03,Mittwoch,20:28,U-0068,S-002,124,Handy,Playlist
E-04218,2026-06-03,Mittwoch,20:57,U-0057,S-002,152,Smart Speaker,Album
E-04219,2026-06-03,Mittwoch,21:35,U-0088,S-087,354,Smart Speaker,Autoplay
E-04220,2026-06-03,Mittwoch,21:39,U-0069,S-025,7,Desktop,Suche
E-04221,2026-06-03,Mittwoch,21:52,U-0080,S-094,211,Smart Speaker,Autoplay
E-04222,2026-06-03,Mittwoch,23:46,U-0108,S-002,152,Smart Speaker,Album
E-04223,2026-06-04,Donnerstag,00:16,U-0179,S-041,189,handy,Album
E-04224,2026-06-04,Donnerstag,06:02,U-0168,S-002,129,Smart Speaker,Suche
E-04225,2026-06-04,Donnerstag,06:38,U-0150,s-114,28,Tablet,Autoplay
E-04226,2026-06-04,Donnerstag,07:23,U-0021,S-086,303,Smartphone,Album
E-04227,2026-06-04,Donnerstag,07:24,U-0150,S-070,319,Handy,Autoplay
E-04228,2026-06-04,Donnerstag,07:42,U-0031,S-072,14,Handy,Suche
E-04229,2026-06-04,Donnerstag,09:03,U-0042,S-064,241,Handy,Playlist
E-04230,2026-06-04,Donnerstag,09:47,U-0145,S-092,204,Handy,Album
E-04231,2026-06-04,Donnerstag,10:46,U-0089,S-041,189,Handy,Album
E-04232,2026-06-04,Donnerstag,10:58,U-0072,S-066,56,Handy,Autoplay
E-04233,2026-06-04,Donnerstag,11:53,U-0058,S-001,94,Desktop,Album
E-04234,2026-06-04,Donnerstag,12:04,U-0093,s-078,118,Tablet,Playlist
E-04235,2026-06-04,Donnerstag,12:11,U-0030,S-100,256,Handy,Suche
E-04236,2026-06-04,Donnerstag,12:52,U-0097,S-096,196,Handy,Album
E-04237,2026-06-04,Donnerstag,13:57,U-0130,S-057,186,Handy,Playlist
E-04238,2026-06-04,Donnerstag,15:42,U-0137,s-108,367,Tablet,Suche
E-04239,2026-06-04,Donnerstag,16:29,U-0093,s-066,152,Tablet,Playlist
E-04240,2026-06-04,Donnerstag,17:03,U-0167,S-025,194,Desktop,Autoplay
E-04241,2026-06-04,Donnerstag,18:12,U-0037,S-085,7,Smart Speaker,Playlist
E-04242,2026-06-04,Donnerstag,18:57,U-0139,S-114,25,Smart Speaker,Autoplay
E-04243,2026-06-04,Donnerstag,19:29,U-0151,S-004,73,Smart Speaker,Autoplay
E-04244,2026-06-04,Donnerstag,21:04,U-0001,S-075,52,,Playlist
E-04245,2026-06-04,Donnerstag,21:04,U-0107,S-025,194,Handy,Autoplay
E-04246,2026-06-04,Donnerstag,21:20,U-0049,S-086,128,Smart Speaker,Autoplay
E-04247,2026-06-04,Donnerstag,21:48,U-0151,S-095,240,Smart Speaker,Playlist
E-04248,2026-06-04,Donnerstag,22:19,U-0118,S-062,302,Handy,Suche
E-04249,2026-06-04,Donnerstag,22:33,,S-070,319,Smart Speaker,Autoplay
E-04250,2026-06-04,Donnerstag,22:49,U-0200,S-070,253,Smart Speaker,Album
E-04251,2026-06-05,Freitag,01:03,U-0077,S-086,339,Desktop,Playlist
E-04252,2026-06-05,Freitag,06:38,U-0163,S-083,15,Handy,Autoplay
E-04253,2026-06-05,Freitag,07:18,U-0102,S-096,196,Handy,Playlist
E-04254,2026-06-05,Freitag,07:58,U-0145,S-022,9999,Handy,Album
E-04255,2026-06-05,Freitag,08:06,U-0145,S-036,14,Handy,Album
E-04256,2026-06-05,Freitag,08:08,U-0097,S-021,131,Handy,Autoplay
E-04257,2026-06-05,Freitag,08:36,U-0015,S-078,152,Handy,Playlist
E-04258,2026-06-05,Freitag,09:26,U-0088,S-062,26,Handy,Playlist
E-04259,2026-06-05,Freitag,09:28,U-0176,S-016,28,Handy,Autoplay
E-04260,2026-06-05,Freitag,09:47,U-0043,S-004,156,,Suche
E-04261,2026-06-05,Freitag,10:00,U-0077,S-061,223,Desktop,Album
E-04262,2026-06-05,Freitag,10:21,U-0083,S-043,157,Handy,Album
E-04263,2026-06-05,Freitag,10:32,U-0063,s-085,253,Tablet,Playlist
E-04264,2026-06-05,Freitag,10:32,U-0023,S-085,22,Handy,Autoplay
E-04265,2026-06-05,Freitag,11:19,U-0115,S-084,98,Desktop,Autoplay
E-04266,2026-06-05,Freitag,11:53,U-0008,s-064,241,Tablet,Suche
E-04267,2026-06-05,Freitag,12:01,U-0112,s-031,242,Tablet,Album
E-04268,2026-06-05,Freitag,12:07,U-0189,S-061,35,Desktop,Album
E-04269,2026-06-05,Freitag,12:27,U-0156,S-067,9,Handy,Playlist
E-04270,2026-06-05,Freitag,13:47,U-0022,S-079,134,Desktop,Playlist
E-04271,2026-06-05,Freitag,14:11,U-0030,S-052,204,Desktop,Autoplay
E-04272,2026-06-05,Freitag,14:21,U-0161,S-105,202,Desktop,Album
E-04273,2026-06-05,Freitag,15:38,U-0102,S-002,51,Desktop,Playlist
E-04274,2026-06-05,Freitag,16:26,U-0193,s-072,296,Tablet,Album
E-04275,2026-06-05,Freitag,16:37,U-0153,S-002,152,Handy,Suche
E-04276,2026-06-05,Freitag,17:10,U-0169,S-102,10,Smart Speaker,Autoplay
E-04277,2026-06-05,Freitag,17:42,U-0073,S-076,359,Smart Speaker,Album
E-04278,2026-06-05,Freitag,18:02,U-0060,S-047,264,Smart Speaker,Autoplay
E-04279,2026-06-05,Freitag,18:03,U-0037,S-032,239,Handy,Playlist
E-04280,2026-06-05,Freitag,18:16,U-0031,S-002,152,Smart Speaker,Playlist
E-04281,2026-06-05,Freitag,18:41,U-0037,S-062,217,Desktop,Suche
E-04282,2026-06-05,Freitag,18:57,U-0032,S-025,194,Handy,Album
E-04283,2026-06-05,Freitag,19:11,U-0068,s-002,119,Tablet,Playlist
E-04284,2026-06-05,Freitag,19:23,U-0136,S-062,264,Desktop,Autoplay
E-04285,2026-06-05,Freitag,19:24,U-0103,S-058,327,Handy,Playlist
E-04286,2026-06-05,Freitag,19:53,U-0160,S-096,196,Smart Speaker,Autoplay
E-04287,2026-06-05,Freitag,20:06,U-0063,S-101,3,Handy,Autoplay
E-04288,2026-06-05,Freitag,20:26,U-0058,S-055,20,Smart Speaker,Playlist
E-04289,2026-06-05,Freitag,20:35,U-0164,S-002,152,Handy,Suche
E-04290,2026-06-05,Freitag,21:16,,S-001,150,Desktop,Autoplay
E-04291,2026-06-05,Freitag,21:39,U-0104,s-025,72,Tablet,Autoplay
E-04292,2026-06-05,Freitag,21:41,U-0141,S-093,129,Smart Speaker,Suche
E-04293,2026-06-05,Freitag,21:44,U-0181,S-089,230,Handy,Album
E-04294,2026-06-05,Freitag,21:55,U-0062,S-041,11,Handy,Playlist
E-04295,2026-06-05,Freitag,22:09,U-0095,S-078,128,Smart Speaker,Playlist
E-04296,2026-06-05,Freitag,22:17,U-0086,S-062,302,Smart Speaker,Playlist
E-04297,2026-06-05,Freitag,22:43,U-0095,S-012,212,Handy,Suche
E-04298,2026-06-05,Freitag,22:44,U-0013,S-011,108,Desktop,Playlist
E-04299,2026-06-06,Samstag,06:19,U-0118,S-002,152,Handy,Album
E-04300,2026-06-06,Samstag,06:25,U-0145,S-066,260,Desktop,Playlist
E-04301,2026-06-06,Samstag,07:09,U-0147,S-002,15,Smart Speaker,Album
E-04302,2026-06-06,Samstag,08:12,U-0181,S-001,223,Handy,Playlist
E-04303,2026-06-06,Samstag,08:27,U-0073,S-062,143,Handy,Autoplay
E-04304,2026-06-06,Samstag,09:17,U-0151,S-025,194,handy,Playlist
E-04305,2026-06-06,Samstag,09:38,U-0146,S-107,7,Handy,Suche
E-04306,2026-06-06,Samstag,09:59,U-0111,S-096,196,Handy,Suche
E-04307,2026-06-06,Samstag,12:12,U-0063,S-002,152,handy,Album
E-04308,2026-06-06,Samstag,12:55,U-0051,S-088,237,,Playlist
E-04309,2026-06-06,Samstag,12:56,U-0087,S-083,3,Desktop,Playlist
E-04310,2026-06-06,Samstag,13:38,U-0123,s-021,223,Tablet,Autoplay
E-04311,2026-06-06,Samstag,13:49,U-0108,S-091,216,Handy,Playlist
E-04312,2026-06-06,Samstag,13:55,U-0049,s-011,164,Tablet,Playlist
E-04313,2026-06-06,Samstag,16:09,U-0189,s-037,226,Tablet,Album
E-04314,2026-06-06,Samstag,16:45,U-0158,S-020,162,Desktop,Playlist
E-04315,2026-06-06,Samstag,16:51,U-0105,s-105,18,Tablet,Suche
E-04316,2026-06-06,Samstag,17:10,U-0095,S-070,319,Handy,Album
E-04317,2026-06-06,Samstag,17:15,U-0176,S-086,225,Handy,Autoplay
E-04318,2026-06-06,Samstag,17:22,U-0141,S-008,138,Handy,Playlist
E-04319,2026-06-06,Samstag,17:27,U-0016,S-096,25,Smart Speaker,Album
E-04320,2026-06-06,Samstag,17:51,U-0182,S-002,152,Desktop,Suche
E-04321,2026-06-06,Samstag,18:19,U-0170,S-047,264,Handy,Album
E-04322,2026-06-06,Samstag,18:34,U-0092,S-031,242,Handy,Playlist
E-04323,2026-06-06,Samstag,18:38,U-0037,S-097,102,Smart Speaker,Autoplay
E-04324,2026-06-06,Samstag,18:41,U-0151,S-053,224,,Playlist
E-04325,2026-06-06,Samstag,18:46,U-0099,s-025,194,Tablet,Playlist
E-04326,2026-06-06,Samstag,19:06,U-0058,s-115,16,Tablet,Album
E-04327,2026-06-06,Samstag,19:25,U-0008,s-056,7,Tablet,Album
E-04328,2026-06-06,Samstag,19:57,U-0097,S-114,21,Smartphone,Suche
E-04329,2026-06-06,Samstag,20:10,U-0044,S-109,145,Handy,Album
E-04330,2026-06-06,Samstag,20:18,U-0033,S-007,210,handy,Playlist
E-04331,2026-06-06,Samstag,20:28,U-0135,s-007,144,Tablet,Suche
E-04332,2026-06-06,Samstag,20:56,U-0170,s-066,260,Tablet,Autoplay
E-04333,2026-06-06,Samstag,21:10,U-0145,S-002,11,Handy,Autoplay
E-04334,2026-06-06,Samstag,21:50,U-0058,S-070,174,Smart Speaker,Playlist
E-04335,2026-06-06,Samstag,22:13,U-0013,S-083,24,Handy,Playlist
E-04336,2026-06-06,Samstag,22:14,U-0038,s-032,239,Tablet,Playlist
E-04337,2026-06-06,Samstag,22:17,U-0146,S-077,23,Handy,Playlist
E-04338,2026-06-06,Samstag,22:19,U-0151,S-002,56,Smart Speaker,Playlist
E-04339,2026-06-06,Samstag,22:24,U-0058,S-030,147,Smart Speaker,Playlist
E-04340,2026-06-06,Samstag,23:11,U-0077,S-066,245,,Playlist
E-04341,2026-06-06,Samstag,23:26,U-0107,S-002,152,Smart Speaker,Autoplay
E-04342,2026-06-07,Sonntag,07:01,U-0093,S-064,8,,Suche
E-04343,2026-06-07,Sonntag,07:09,U-0161,S-090,165,Smartphone,Album
E-04344,2026-06-07,Sonntag,07:37,U-0137,S-105,202,Handy,Playlist
E-04345,2026-06-07,Sonntag,07:48,U-0149,S-087,11,Smart Speaker,Autoplay
E-04346,2026-06-07,Sonntag,08:20,U-0154,S-025,18,Handy,Autoplay
E-04347,2026-06-07,Sonntag,08:29,U-0107,S-021,223,Handy,Suche
E-04348,2026-06-07,Sonntag,08:37,,S-044,110,Handy,Album
E-04349,2026-06-07,Sonntag,08:39,U-0002,S-021,223,Handy,Suche
E-04350,2026-06-07,Sonntag,08:51,U-0177,S-011,61,Handy,Autoplay
E-04351,2026-06-07,Sonntag,09:26,U-0200,S-064,86,,Album
E-04352,2026-06-07,Sonntag,10:40,U-0108,S-090,239,Handy,Playlist
E-04353,2026-06-07,Sonntag,11:40,U-0037,S-041,189,Handy,Playlist
E-04354,2026-06-07,Sonntag,11:59,U-0250,S-105,202,Handy,Autoplay
E-04355,2026-06-07,Sonntag,15:00,U-0095,S-089,230,Desktop,Playlist
E-04356,2026-06-07,Sonntag,15:27,U-0037,S-085,253,Desktop,Autoplay
E-04357,2026-06-07,Sonntag,15:29,U-0176,S-074,281,Handy,Playlist
E-04358,2026-06-07,Sonntag,17:56,U-0183,S-047,264,Smart Speaker,Suche
E-04359,2026-06-07,Sonntag,18:07,U-0036,S-001,223,Handy,Suche
E-04360,2026-06-07,Sonntag,18:10,U-0021,S-011,164,Smart Speaker,Album
E-04361,2026-06-07,Sonntag,18:47,,S-064,148,Handy,Autoplay
E-04362,2026-06-07,Sonntag,19:18,U-0058,S-002,152,Smart Speaker,Album
E-04363,2026-06-07,Sonntag,20:18,U-0066,S-064,241,Handy,Playlist
E-04364,2026-06-07,Sonntag,20:24,U-0014,S-016,205,Handy,Playlist
E-04365,2026-06-07,Sonntag,20:55,U-0063,s-073,223,Tablet,Playlist
E-04366,2026-06-07,Sonntag,21:19,U-0169,S-002,15,Smart Speaker,Autoplay
E-04367,2026-06-07,Sonntag,21:54,U-0063,S-085,253,Smart Speaker,Playlist
E-04368,2026-06-07,Sonntag,22:15,U-0097,S-018,189,Desktop,Playlist
E-04369,2026-06-07,Sonntag,22:55,U-0110,s-041,7,Tablet,Autoplay
E-04370,2026-06-08,Montag,05:24,U-0154,s-078,99,Tablet,Suche
E-04371,2026-06-08,Montag,08:03,U-0102,S-002,66,Desktop,Autoplay
E-04372,2026-06-08,Montag,08:33,U-0005,S-002,152,Handy,Suche
E-04373,2026-06-08,Montag,08:46,U-0038,S-031,139,Smart Speaker,Playlist
E-04374,2026-06-08,Montag,09:33,U-0107,S-002,152,Desktop,Playlist
E-04375,2026-06-08,Montag,09:47,U-0105,S-109,317,Handy,Playlist
E-04376,2026-06-08,Montag,10:30,U-0084,S-120,12,Handy,Playlist
E-04377,2026-06-08,Montag,11:45,U-0164,S-100,202,Handy,Suche
E-04378,2026-06-08,Montag,13:01,U-0068,S-096,196,Desktop,Playlist
E-04379,2026-06-08,Montag,13:04,U-0152,s-007,210,Tablet,Autoplay
E-04380,2026-06-08,Montag,13:04,U-0126,S-004,156,Desktop,Playlist
E-04381,2026-06-08,Montag,13:53,U-0049,S-025,34,Handy,Playlist
E-04382,2026-06-08,Montag,15:18,U-0063,S-087,354,Desktop,Album
E-04383,2026-06-08,Montag,15:57,U-0128,S-058,287,Smart Speaker,Playlist
E-04384,2026-06-08,Montag,16:56,U-0049,S-032,26,Handy,Playlist
E-04385,2026-06-08,Montag,16:57,U-0020,S-021,8,Handy,Playlist
E-04386,2026-06-08,Montag,18:15,U-0112,S-055,99,Desktop,Autoplay
E-04387,2026-06-08,Montag,18:30,U-0008,S-096,196,Smart Speaker,Suche
E-04388,2026-06-08,Montag,18:33,U-0049,S-064,133,Handy,Playlist
E-04389,2026-06-08,Montag,18:52,U-0042,s-002,152,Tablet,Suche
E-04390,2026-06-08,Montag,19:00,U-0188,S-025,150,Smart Speaker,Autoplay
E-04391,2026-06-08,Montag,19:06,U-0056,S-038,207,Desktop,Album
E-04392,2026-06-08,Montag,20:02,U-0152,S-036,194,Desktop,Suche
E-04393,2026-06-08,Montag,20:15,U-0033,S-064,241,Handy,Playlist
E-04394,2026-06-08,Montag,21:08,U-0112,S-031,86,Handy,Playlist
E-04395,2026-06-08,Montag,21:16,U-0176,S-078,208,Handy,Album
E-04396,2026-06-08,Montag,21:21,U-0118,S-066,260,Smart Speaker,Album
E-04397,2026-06-08,Montag,22:54,U-0097,s-053,248,Tablet,Suche
E-04398,2026-06-08,Montag,23:20,U-0028,S-114,164,Handy,Album
E-04399,2026-06-09,Dienstag,05:13,U-0077,S-062,302,Smart Speaker,Autoplay
E-04400,2026-06-09,Dienstag,07:03,U-0049,S-077,138,Handy,Album
E-04401,2026-06-09,Dienstag,07:03,U-0010,S-096,196,Handy,Suche
E-04402,2026-06-09,Dienstag,07:58,U-0185,S-035,169,Handy,Playlist
E-04403,2026-06-09,Dienstag,08:07,U-0161,S-064,241,Desktop,Playlist
E-04404,2026-06-09,Dienstag,08:53,U-0105,S-011,164,Handy,Playlist
E-04405,2026-06-09,Dienstag,08:58,U-0007,S-117,248,Desktop,Autoplay
E-04406,2026-06-09,Dienstag,09:05,U-0011,S-025,194,Smart Speaker,Autoplay
E-04407,2026-06-09,Dienstag,13:17,U-0128,S-043,157,Handy,Suche
E-04408,2026-06-09,Dienstag,13:40,U-0039,S-078,208,Desktop,Suche
E-04409,2026-06-09,Dienstag,15:02,U-0120,S-064,241,Smart Speaker,Playlist
E-04410,2026-06-09,Dienstag,17:15,U-0145,s-025,194,Tablet,Suche
E-04411,2026-06-09,Dienstag,17:43,U-0027,S-078,28,Handy,Album
E-04412,2026-06-09,Dienstag,18:01,U-0081,s-092,204,Tablet,Album
E-04413,2026-06-09,Dienstag,18:15,U-0055,s-078,168,Tablet,Suche
E-04414,2026-06-09,Dienstag,18:45,U-0051,S-062,302,Smart Speaker,Playlist
E-04415,2026-06-09,Dienstag,18:51,U-0118,S-025,194,Smart Speaker,Playlist
E-04416,2026-06-09,Dienstag,19:38,U-0040,S-011,164,Desktop,Album
E-04417,2026-06-09,Dienstag,19:49,U-0049,S-079,17,Smart Speaker,Playlist
E-04418,2026-06-09,Dienstag,20:12,U-0037,s-011,12,Tablet,Album
E-04419,2026-06-09,Dienstag,21:00,U-0049,S-031,242,Handy,Suche
E-04420,2026-06-09,Dienstag,22:08,U-0182,S-011,164,Handy,Suche
E-04421,2026-06-09,Dienstag,22:53,U-0178,s-007,144,Tablet,Playlist
E-04422,2026-06-10,Mittwoch,05:01,U-0147,S-035,169,Handy,Album
E-04423,2026-06-10,Mittwoch,06:15,U-0151,S-041,189,Handy,Playlist
E-04424,2026-06-10,Mittwoch,06:42,U-0046,S-105,202,Handy,Playlist
E-04425,2026-06-10,Mittwoch,07:04,U-0184,S-025,131,Handy,Album
E-04426,2026-06-10,Mittwoch,07:08,U-0087,S-086,339,Handy,Playlist
E-04427,2026-06-10,Mittwoch,07:19,U-0065,S-025,28,Handy,Autoplay
E-04428,2026-06-10,Mittwoch,07:51,U-0087,S-021,223,Handy,Album
E-04429,2026-06-10,Mittwoch,08:12,U-0103,S-002,64,Handy,Playlist
E-04430,2026-06-10,Mittwoch,08:20,U-0122,s-115,26,Tablet,Suche
E-04431,2026-06-10,Mittwoch,08:24,U-0107,s-053,93,Tablet,Autoplay
E-04432,2026-06-10,Mittwoch,09:28,U-0184,S-082,114,Handy,Playlist
E-04433,2026-06-10,Mittwoch,11:01,U-0161,S-041,189,Handy,Album
E-04434,2026-06-10,Mittwoch,12:05,U-0133,s-025,152,Tablet,Playlist
E-04435,2026-06-10,Mittwoch,12:20,U-0166,S-050,332,Smart Speaker,Suche
E-04436,2026-06-10,Mittwoch,12:22,U-0181,S-072,8,Handy,Suche
E-04437,2026-06-10,Mittwoch,12:35,U-0051,S-079,19,Handy,Autoplay
E-04438,2026-06-10,Mittwoch,13:21,U-0020,S-029,19,Handy,Autoplay
E-04439,2026-06-10,Mittwoch,14:39,U-0115,S-105,25,Desktop,Playlist
E-04440,2026-06-10,Mittwoch,15:09,U-0102,S-002,29,,Playlist
E-04441,2026-06-10,Mittwoch,16:30,U-0181,S-083,169,Handy,Suche
E-04442,2026-06-10,Mittwoch,17:35,U-0176,s-064,241,Tablet,Suche
E-04443,2026-06-10,Mittwoch,17:56,U-0097,S-090,239,Handy,Playlist
E-04444,2026-06-10,Mittwoch,17:59,U-0091,S-086,7,Handy,Playlist
E-04445,2026-06-10,Mittwoch,17:59,U-0176,S-002,152,Handy,Autoplay
E-04446,2026-06-10,Mittwoch,18:02,U-0173,S-076,359,Smart Speaker,Autoplay
E-04447,2026-06-10,Mittwoch,19:05,U-0177,S-116,5,Handy,Playlist
E-04448,2026-06-10,Mittwoch,19:54,U-0056,S-025,194,Smart Speaker,Autoplay
E-04449,2026-06-10,Mittwoch,20:27,U-0052,S-047,12,Handy,Playlist
E-04450,2026-06-10,Mittwoch,20:43,U-0088,S-061,318,Handy,Album
E-04451,2026-06-10,Mittwoch,23:22,U-0040,S-005,205,Smart Speaker,Playlist
E-04452,2026-06-11,Donnerstag,02:17,U-0192,S-002,67,Handy,Suche
E-04453,2026-06-11,Donnerstag,06:23,U-0067,S-041,150,Handy,Album
E-04454,2026-06-11,Donnerstag,06:36,U-0150,S-064,11,Handy,Autoplay
E-04455,2026-06-11,Donnerstag,06:44,U-0188,S-074,5,Handy,Autoplay
E-04456,2026-06-11,Donnerstag,07:17,U-0107,S-004,156,Handy,Playlist
E-04457,2026-06-11,Donnerstag,07:34,U-0025,S-021,23,Handy,Autoplay
E-04458,2026-06-11,Donnerstag,07:57,U-0170,S-049,170,Handy,Playlist
E-04459,2026-06-11,Donnerstag,08:20,U-0042,S-100,113,Handy,Autoplay
E-04460,2026-06-11,Donnerstag,08:29,U-0063,S-092,204,Handy,Album
E-04461,2026-06-11,Donnerstag,08:59,U-0083,S-064,13,Handy,Autoplay
E-04462,2026-06-11,Donnerstag,10:12,U-0149,S-078,208,Desktop,Suche
E-04463,2026-06-11,Donnerstag,10:40,U-0034,S-116,21,Handy,Album
E-04464,2026-06-11,Donnerstag,11:21,,S-074,75,Desktop,Playlist
E-04465,2026-06-11,Donnerstag,11:53,U-0040,S-002,14,Desktop,Album
E-04466,2026-06-11,Donnerstag,13:15,U-0118,S-089,230,Desktop,Playlist
E-04467,2026-06-11,Donnerstag,13:58,U-0065,S-025,5,Handy,Album
E-04468,2026-06-11,Donnerstag,16:08,U-0068,S-002,152,Handy,Album
E-04469,2026-06-11,Donnerstag,16:35,U-0007,s-091,216,Tablet,Album
E-04470,2026-06-11,Donnerstag,16:58,U-0027,S-103,257,Handy,Suche
E-04471,2026-06-11,Donnerstag,17:14,U-0164,s-092,12,Tablet,Playlist
E-04472,2026-06-11,Donnerstag,17:18,U-0139,S-078,21,Smart Speaker,Playlist
E-04473,2026-06-11,Donnerstag,17:25,U-0049,S-048,135,Desktop,Playlist
E-04474,2026-06-11,Donnerstag,17:32,U-0066,S-046,273,Smart Speaker,Autoplay
E-04475,2026-06-11,Donnerstag,17:53,U-0059,S-114,416,Smart Speaker,Playlist
E-04476,2026-06-11,Donnerstag,19:17,U-0058,S-011,8,Handy,Playlist
E-04477,2026-06-11,Donnerstag,19:27,U-0058,s-011,28,Tablet,Playlist
E-04478,2026-06-11,Donnerstag,19:53,U-0102,S-096,9,Handy,Suche
E-04479,2026-06-11,Donnerstag,20:44,U-0143,S-011,164,Smart Speaker,Playlist
E-04480,2026-06-11,Donnerstag,21:41,U-0002,S-051,25,Smart Speaker,Suche
E-04481,2026-06-11,Donnerstag,23:23,U-0169,S-058,327,Smart Speaker,Suche
E-04482,2026-06-11,Donnerstag,23:46,,s-001,223,Tablet,Playlist
E-04483,2026-06-12,Freitag,00:17,U-0058,s-002,16,Tablet,Playlist
E-04484,2026-06-12,Freitag,06:30,U-0193,S-002,94,Desktop,Playlist
E-04485,2026-06-12,Freitag,06:34,U-0119,S-088,237,Handy,Suche
E-04486,2026-06-12,Freitag,06:57,U-0133,S-091,216,Desktop,Album
E-04487,2026-06-12,Freitag,07:29,U-0066,S-002,152,Desktop,Autoplay
E-04488,2026-06-12,Freitag,08:09,U-0008,S-025,99,Handy,Autoplay
E-04489,2026-06-12,Freitag,09:08,U-0175,S-096,50,Handy,Playlist
E-04490,2026-06-12,Freitag,09:12,U-0120,S-097,195,Handy,Suche
E-04491,2026-06-12,Freitag,09:17,U-0127,S-031,242,Handy,Playlist
E-04492,2026-06-12,Freitag,09:31,U-0177,S-064,241,Handy,Playlist
E-04493,2026-06-12,Freitag,09:51,U-0023,S-079,126,Handy,Autoplay
E-04494,2026-06-12,Freitag,10:29,U-0114,S-096,196,Handy,Suche
E-04495,2026-06-12,Freitag,10:45,U-0152,S-023,11,Handy,Suche
E-04496,2026-06-12,Freitag,11:29,U-0037,S-025,38,Smart Speaker,Autoplay
E-04497,2026-06-12,Freitag,11:54,U-0107,S-041,189,Desktop,Autoplay
E-04498,2026-06-12,Freitag,12:10,U-0151,S-013,174,Desktop,Playlist
E-04499,2026-06-12,Freitag,13:10,U-0063,s-004,156,Tablet,Album
E-04500,2026-06-12,Freitag,14:08,U-0047,S-009,223,Handy,Playlist
E-04501,2026-06-12,Freitag,14:31,U-0011,S-025,173,Desktop,Suche
E-04502,2026-06-12,Freitag,14:32,U-0070,S-041,109,Handy,Playlist
E-04503,2026-06-12,Freitag,15:00,U-0153,s-002,109,Tablet,Suche
E-04504,2026-06-12,Freitag,16:02,U-0063,S-047,264,Desktop,Suche
E-04505,2026-06-12,Freitag,16:16,U-0129,S-002,64,Handy,Playlist
E-04506,2026-06-12,Freitag,17:50,U-0032,S-079,200,Handy,Playlist
E-04507,2026-06-12,Freitag,18:00,U-0146,s-101,253,Tablet,Suche
E-04508,2026-06-12,Freitag,18:03,U-0038,S-120,442,Smart Speaker,Album
E-04509,2026-06-12,Freitag,18:11,U-0093,s-060,205,Tablet,Suche
E-04510,2026-06-12,Freitag,18:22,U-0106,S-105,202,Handy,Playlist
E-04511,2026-06-12,Freitag,18:32,U-0102,s-063,75,Tablet,Autoplay
E-04512,2026-06-12,Freitag,18:47,U-0063,S-024,3,Handy,Autoplay
E-04513,2026-06-12,Freitag,18:52,U-0124,S-016,205,Handy,Autoplay
E-04514,2026-06-12,Freitag,19:03,U-0062,s-002,152,Tablet,Playlist
E-04515,2026-06-12,Freitag,20:40,U-0020,S-035,169,Desktop,Suche
E-04516,2026-06-12,Freitag,21:51,U-0052,S-031,4,Desktop,Suche
E-04517,2026-06-12,Freitag,23:02,U-0010,S-011,164,Smart Speaker,Suche
E-04518,2026-06-12,Freitag,23:40,U-0182,S-111,246,Smart Speaker,Album
E-04519,2026-06-12,Freitag,23:40,U-0014,S-011,164,Smart Speaker,Autoplay
E-04520,2026-06-13,Samstag,06:20,U-0013,S-037,74,Handy,Suche
E-04521,2026-06-13,Samstag,06:27,U-0161,S-011,164,Handy,Playlist
E-04522,2026-06-13,Samstag,07:27,U-0040,S-092,204,Handy,Suche
E-04523,2026-06-13,Samstag,07:29,U-0107,S-078,208,Smart Speaker,Playlist
E-04524,2026-06-13,Samstag,07:46,U-0077,S-025,194,Handy,Album
E-04525,2026-06-13,Samstag,07:56,U-0092,S-092,23,Handy,Playlist
E-04526,2026-06-13,Samstag,08:10,U-0160,S-021,223,Handy,Playlist
E-04527,2026-06-13,Samstag,08:44,U-0152,S-096,196,Handy,Suche
E-04528,2026-06-13,Samstag,10:51,U-0103,s-070,6,Tablet,Autoplay
E-04529,2026-06-13,Samstag,11:44,U-0189,S-045,191,Handy,Playlist
E-04530,2026-06-13,Samstag,13:01,U-0121,S-002,152,Handy,Album
E-04531,2026-06-13,Samstag,13:44,U-0007,s-002,125,Tablet,Playlist
E-04532,2026-06-13,Samstag,14:10,U-0066,s-085,106,Tablet,Suche
E-04533,2026-06-13,Samstag,14:37,U-0111,S-074,182,Handy,Playlist
E-04534,2026-06-13,Samstag,15:08,U-0040,S-066,260,Desktop,Suche
E-04535,2026-06-13,Samstag,15:24,U-0177,S-041,48,Handy,Playlist
E-04536,2026-06-13,Samstag,16:24,U-0152,S-002,10,Handy,Autoplay
E-04537,2026-06-13,Samstag,16:43,U-0117,S-026,245,Desktop,Album
E-04538,2026-06-13,Samstag,17:04,U-0063,S-066,260,Handy,Playlist
E-04539,2026-06-13,Samstag,17:13,U-0200,S-041,172,Handy,Suche
E-04540,2026-06-13,Samstag,17:13,U-0151,S-041,189,Smart Speaker,Album
E-04541,2026-06-13,Samstag,17:15,U-0109,S-096,3,Smart Speaker,Album
E-04542,2026-06-13,Samstag,17:18,U-0129,S-029,49,Handy,Autoplay
E-04543,2026-06-13,Samstag,18:23,U-0176,s-041,189,Tablet,Playlist
E-04544,2026-06-13,Samstag,18:25,U-0057,S-011,164,Smart Speaker,Album
E-04545,2026-06-13,Samstag,18:54,U-0033,s-025,23,Tablet,Playlist
E-04546,2026-06-13,Samstag,19:09,U-0048,S-031,242,Handy,Suche
E-04547,2026-06-13,Samstag,21:37,U-0035,s-004,156,Tablet,Playlist
E-04548,2026-06-13,Samstag,21:54,U-0117,S-024,107,Smart Speaker,Suche
E-04549,2026-06-13,Samstag,21:58,U-0054,S-002,152,Desktop,Playlist
E-04550,2026-06-13,Samstag,22:05,U-0103,S-042,189,Smart Speaker,Autoplay
E-04551,2026-06-13,Samstag,23:24,U-0103,S-086,339,Handy,Autoplay
E-04552,2026-06-14,Sonntag,00:41,U-0152,S-047,21,Handy,Playlist
E-04553,2026-06-14,Sonntag,06:20,U-0063,S-064,34,Desktop,Suche
E-04554,2026-06-14,Sonntag,06:50,U-0032,S-060,61,Smart Speaker,Album
E-04555,2026-06-14,Sonntag,07:14,U-0042,S-091,216,Desktop,Playlist
E-04556,2026-06-14,Sonntag,08:02,U-0102,S-026,20,Smart Speaker,Autoplay
E-04557,2026-06-14,Sonntag,08:10,U-0093,S-021,223,Handy,Suche
E-04558,2026-06-14,Sonntag,08:35,U-0041,S-080,196,Handy,Playlist
E-04559,2026-06-14,Sonntag,09:39,U-0002,S-004,156,Handy,Playlist
E-04560,2026-06-14,Sonntag,09:41,U-0027,S-002,152,Smart Speaker,Playlist
E-04561,2026-06-14,Sonntag,09:47,U-0156,S-011,164,Handy,Autoplay
E-04562,2026-06-14,Sonntag,12:21,U-0036,S-114,6,Handy,Autoplay
E-04563,2026-06-14,Sonntag,12:36,U-0002,S-062,302,Handy,Album
E-04564,2026-06-14,Sonntag,12:50,U-0001,S-039,25,Handy,Autoplay
E-04565,2026-06-14,Sonntag,13:08,U-0031,S-061,235,Handy,Suche
E-04566,2026-06-14,Sonntag,13:19,U-0032,S-109,187,Desktop,Album
E-04567,2026-06-14,Sonntag,14:08,,s-012,169,Tablet,Playlist
E-04568,2026-06-14,Sonntag,16:09,U-0070,S-057,184,Smartphone,Autoplay
E-04569,2026-06-14,Sonntag,16:30,U-0046,S-032,9999,Handy,Suche
E-04570,2026-06-14,Sonntag,16:51,U-0007,s-114,324,Tablet,Playlist
E-04571,2026-06-14,Sonntag,16:59,U-0032,s-025,194,Tablet,Suche
E-04572,2026-06-14,Sonntag,17:08,U-0114,S-078,208,Smart Speaker,Playlist
E-04573,2026-06-14,Sonntag,17:16,U-0176,S-011,18,Handy,Suche
E-04574,2026-06-14,Sonntag,18:00,U-0170,S-062,302,Smart Speaker,Playlist
E-04575,2026-06-14,Sonntag,19:27,U-0092,s-090,73,Tablet,Album
E-04576,2026-06-14,Sonntag,19:33,U-0118,S-002,152,Desktop,Album
E-04577,2026-06-14,Sonntag,20:47,U-0052,S-041,14,Smart Speaker,Autoplay
E-04578,2026-06-14,Sonntag,20:48,U-0135,S-029,181,Smart Speaker,Autoplay
E-04579,2026-06-14,Sonntag,21:04,U-0116,s-078,208,Tablet,Autoplay
E-04580,2026-06-14,Sonntag,21:27,U-0219,S-048,285,Smart Speaker,Autoplay
E-04581,2026-06-14,Sonntag,21:41,U-0071,S-041,189,Desktop,Autoplay
E-04582,2026-06-14,Sonntag,21:47,U-0233,s-002,152,Tablet,Playlist
E-04583,2026-06-14,Sonntag,21:52,U-0058,S-096,196,Handy,Playlist
E-04584,2026-06-14,Sonntag,22:36,U-0002,S-041,12,Smart Speaker,Album
E-04585,2026-06-14,Sonntag,22:51,U-0047,S-116,9,Handy,Playlist
E-04586,2026-06-14,Sonntag,23:03,U-0068,S-050,9,handy,Playlist
E-04587,2026-06-14,Sonntag,23:44,U-0026,S-025,194,Handy,Autoplay
E-04588,2026-06-15,Montag,00:32,U-0132,S-064,9999,,Suche
E-04589,2026-06-15,Montag,07:06,U-0025,S-059,308,,Suche
E-04590,2026-06-15,Montag,07:18,U-0056,S-013,174,Handy,Playlist
E-04591,2026-06-15,Montag,07:32,U-0058,S-002,152,Smart Speaker,Playlist
E-04592,2026-06-15,Montag,08:11,U-0054,S-061,149,Desktop,Autoplay
E-04593,2026-06-15,Montag,08:11,U-0021,s-062,182,Tablet,Autoplay
E-04594,2026-06-15,Montag,08:22,U-0193,S-109,317,Desktop,Playlist
E-04595,2026-06-15,Montag,08:50,U-0111,S-043,157,Desktop,Playlist
E-04596,2026-06-15,Montag,08:51,U-0149,S-080,196,Handy,Playlist
E-04597,2026-06-15,Montag,10:49,U-0199,s-095,24,Tablet,Playlist
E-04598,2026-06-15,Montag,12:18,U-0025,S-011,145,Smartphone,Playlist
E-04599,2026-06-15,Montag,12:37,U-0168,S-041,78,Handy,Autoplay
E-04600,2026-06-15,Montag,13:02,U-0038,S-062,302,Smart Speaker,Autoplay
E-04601,2026-06-15,Montag,14:04,U-0176,S-096,196,Handy,Autoplay
E-04602,2026-06-15,Montag,14:14,U-0169,S-032,239,Handy,Playlist
E-04603,2026-06-15,Montag,14:19,U-0091,S-085,94,Handy,Playlist
E-04604,2026-06-15,Montag,15:36,U-0030,S-082,7,Handy,Autoplay
E-04605,2026-06-15,Montag,17:34,U-0033,S-021,223,Handy,Playlist
E-04606,2026-06-15,Montag,17:47,U-0065,S-044,73,Smart Speaker,Suche
E-04607,2026-06-15,Montag,17:59,U-0120,s-011,26,Tablet,Suche
E-04608,2026-06-15,Montag,20:31,U-0119,s-032,136,Tablet,Playlist
E-04609,2026-06-15,Montag,20:34,U-0118,S-116,208,Smart Speaker,Suche
E-04610,2026-06-15,Montag,20:56,U-0063,S-064,241,Handy,Autoplay
E-04611,2026-06-15,Montag,20:56,U-0060,S-087,22,Smart Speaker,Autoplay
E-04612,2026-06-15,Montag,21:24,U-0005,S-041,13,Handy,Suche
E-04613,2026-06-15,Montag,21:28,U-0023,S-064,210,Handy,Album
E-04614,2026-06-15,Montag,22:06,U-0108,S-103,162,Handy,Autoplay
E-04615,2026-06-15,Montag,23:17,U-0183,S-033,241,Handy,Autoplay
E-04616,2026-06-16,Dienstag,01:51,U-0183,s-075,356,Tablet,Autoplay
E-04617,2026-06-16,Dienstag,06:21,U-0026,S-107,301,Handy,Playlist
E-04618,2026-06-16,Dienstag,07:10,U-0048,S-004,111,Handy,Playlist
E-04619,2026-06-16,Dienstag,08:38,U-0117,S-011,164,Desktop,Album
E-04620,2026-06-16,Dienstag,08:40,U-0037,S-086,339,Handy,Suche
E-04621,2026-06-16,Dienstag,08:58,U-0063,S-025,194,Smart Speaker,Playlist
E-04622,2026-06-16,Dienstag,09:08,U-0058,S-011,3,Smart Speaker,Playlist
E-04623,2026-06-16,Dienstag,10:20,U-0028,S-061,209,Desktop,Playlist
E-04624,2026-06-16,Dienstag,10:57,U-0095,S-041,189,Handy,Playlist
E-04625,2026-06-16,Dienstag,11:31,U-0151,S-085,253,Desktop,Suche
E-04626,2026-06-16,Dienstag,12:20,U-0182,S-064,241,Handy,Suche
E-04627,2026-06-16,Dienstag,13:01,U-0035,S-024,12,Desktop,Album
E-04628,2026-06-16,Dienstag,13:28,U-0166,S-118,345,Handy,Album
E-04629,2026-06-16,Dienstag,14:01,U-0115,S-013,174,Handy,Playlist
E-04630,2026-06-16,Dienstag,14:07,U-0116,s-031,242,Tablet,Suche
E-04631,2026-06-16,Dienstag,14:54,U-0037,S-002,152,Handy,Playlist
E-04632,2026-06-16,Dienstag,15:03,U-0103,S-045,191,Desktop,Autoplay
E-04633,2026-06-16,Dienstag,15:05,U-0105,S-070,200,Desktop,Playlist
E-04634,2026-06-16,Dienstag,15:20,U-0118,S-025,93,Desktop,Playlist
E-04635,2026-06-16,Dienstag,16:13,U-0102,S-044,160,Smart Speaker,Playlist
E-04636,2026-06-16,Dienstag,16:26,U-0066,S-094,211,Handy,Playlist
E-04637,2026-06-16,Dienstag,18:52,U-0173,S-041,136,Handy,Album
E-04638,2026-06-16,Dienstag,19:02,U-0063,S-061,318,Smart Speaker,Autoplay
E-04639,2026-06-16,Dienstag,19:18,U-0049,S-041,8,Handy,Playlist
E-04640,2026-06-16,Dienstag,19:57,U-0031,S-078,80,Desktop,Playlist
E-04641,2026-06-16,Dienstag,20:16,U-0170,S-046,273,Handy,Suche
E-04642,2026-06-16,Dienstag,20:31,U-0068,S-047,264,Desktop,Playlist
E-04643,2026-06-16,Dienstag,20:42,U-0132,S-078,20,Smart Speaker,Autoplay
E-04644,2026-06-16,Dienstag,20:47,U-0059,S-018,189,Desktop,Album
E-04645,2026-06-16,Dienstag,21:39,U-0037,S-025,194,,Suche
E-04646,2026-06-16,Dienstag,21:47,U-0107,S-002,152,Smart Speaker,Playlist
E-04647,2026-06-16,Dienstag,22:17,,S-082,207,Smart Speaker,Album
E-04648,2026-06-16,Dienstag,23:44,U-0051,S-011,154,Handy,Playlist
E-04649,2026-06-16,Dienstag,23:46,U-0132,S-081,362,Handy,Suche
E-04650,2026-06-16,Dienstag,23:48,U-0087,S-002,152,Smartphone,Album
E-04651,2026-06-17,Mittwoch,06:20,U-0119,S-066,16,Desktop,Autoplay
E-04652,2026-06-17,Mittwoch,07:19,U-0007,S-085,203,Handy,Playlist
E-04653,2026-06-17,Mittwoch,07:40,U-0170,S-062,302,Handy,Playlist
E-04654,2026-06-17,Mittwoch,09:25,U-0031,S-069,226,Handy,Playlist
E-04655,2026-06-17,Mittwoch,10:16,U-0150,S-004,120,Smart Speaker,Autoplay
E-04656,2026-06-17,Mittwoch,10:24,U-0124,S-004,156,Desktop,Autoplay
E-04657,2026-06-17,Mittwoch,11:46,U-0152,S-094,11,Desktop,Autoplay
E-04658,2026-06-17,Mittwoch,12:02,U-0062,S-025,13,,Autoplay
E-04659,2026-06-17,Mittwoch,12:10,U-0026,S-025,20,Handy,Playlist
E-04660,2026-06-17,Mittwoch,12:29,U-0063,S-002,152,Handy,Playlist
E-04661,2026-06-17,Mittwoch,12:56,U-0023,S-044,160,Handy,Suche
E-04662,2026-06-17,Mittwoch,12:58,U-0164,S-041,189,Smart Speaker,Autoplay
E-04663,2026-06-17,Mittwoch,13:23,U-0063,s-070,319,Tablet,Autoplay
E-04664,2026-06-17,Mittwoch,14:00,U-0047,S-118,440,Handy,Playlist
E-04665,2026-06-17,Mittwoch,15:20,U-0161,S-064,241,Desktop,Playlist
E-04666,2026-06-17,Mittwoch,15:37,U-0169,S-095,6,Handy,Autoplay
E-04667,2026-06-17,Mittwoch,16:26,U-0176,S-002,119,Desktop,Autoplay
E-04668,2026-06-17,Mittwoch,18:07,U-0038,S-088,237,Smart Speaker,Autoplay
E-04669,2026-06-17,Mittwoch,18:32,,s-029,100,Tablet,Album
E-04670,2026-06-17,Mittwoch,18:55,U-0103,S-008,212,Smart Speaker,Playlist
E-04671,2026-06-17,Mittwoch,19:09,U-0014,s-081,362,Tablet,Playlist
E-04672,2026-06-17,Mittwoch,19:30,U-0186,s-027,66,Tablet,Album
E-04673,2026-06-17,Mittwoch,19:46,U-0200,s-031,26,Tablet,Suche
E-04674,2026-06-17,Mittwoch,19:50,U-0043,s-118,440,Tablet,Autoplay
E-04675,2026-06-17,Mittwoch,22:25,U-0152,S-078,190,Smart Speaker,Playlist
E-04676,2026-06-17,Mittwoch,22:39,U-0103,S-002,6,Smart Speaker,Autoplay
E-04677,2026-06-17,Mittwoch,23:25,U-0062,S-064,241,Smart Speaker,Album
E-04678,2026-06-18,Donnerstag,07:49,U-0095,S-031,10,Handy,Autoplay
E-04679,2026-06-18,Donnerstag,08:04,U-0111,S-109,317,Handy,Playlist
E-04680,2026-06-18,Donnerstag,08:06,U-0097,S-041,123,Handy,Album
E-04681,2026-06-18,Donnerstag,08:07,U-0110,S-107,301,Handy,Album
E-04682,2026-06-18,Donnerstag,08:12,U-0152,S-066,15,Handy,Autoplay
E-04683,2026-06-18,Donnerstag,09:02,U-0070,S-102,230,Handy,Suche
E-04684,2026-06-18,Donnerstag,09:13,U-0155,S-026,245,Handy,Playlist
E-04685,2026-06-18,Donnerstag,09:23,U-0107,S-112,179,Handy,Album
E-04686,2026-06-18,Donnerstag,09:42,U-0105,S-020,162,Handy,Suche
E-04687,2026-06-18,Donnerstag,09:47,U-0151,S-064,241,Smart Speaker,Album
E-04688,2026-06-18,Donnerstag,11:55,U-0038,S-011,164,Smart Speaker,Playlist
E-04689,2026-06-18,Donnerstag,12:06,U-0007,S-002,152,Desktop,Suche
E-04690,2026-06-18,Donnerstag,12:27,U-0071,S-041,43,Handy,Album
E-04691,2026-06-18,Donnerstag,15:31,U-0063,S-055,316,Smart Speaker,Autoplay
E-04692,2026-06-18,Donnerstag,15:43,U-0096,S-074,281,Handy,Suche
E-04693,2026-06-18,Donnerstag,16:12,U-0100,S-031,184,Desktop,Suche
E-04694,2026-06-18,Donnerstag,16:15,U-0025,S-064,182,Desktop,Playlist
E-04695,2026-06-18,Donnerstag,18:00,U-0039,S-062,302,Handy,Autoplay
E-04696,2026-06-18,Donnerstag,18:19,U-0151,S-100,256,Smart Speaker,Autoplay
E-04697,2026-06-18,Donnerstag,18:20,U-0164,s-111,8,Tablet,Suche
E-04698,2026-06-18,Donnerstag,18:20,U-0037,S-031,242,Handy,Suche
E-04699,2026-06-18,Donnerstag,18:32,U-0151,S-025,194,Desktop,Album
E-04700,2026-06-18,Donnerstag,18:49,U-0219,S-032,239,Smart Speaker,Album
E-04701,2026-06-18,Donnerstag,19:30,U-0097,S-022,157,Smart Speaker,Suche
E-04702,2026-06-18,Donnerstag,19:38,U-0063,s-088,237,Tablet,Playlist
E-04703,2026-06-18,Donnerstag,19:54,,S-083,3,Handy,Playlist
E-04704,2026-06-18,Donnerstag,20:56,U-0013,S-002,24,Smart Speaker,Playlist
E-04705,2026-06-18,Donnerstag,22:42,U-0054,S-002,152,Smart Speaker,Autoplay
E-04706,2026-06-18,Donnerstag,23:34,U-0160,s-041,25,Tablet,Autoplay
E-04707,2026-06-18,Donnerstag,23:50,U-0035,S-057,308,Smart Speaker,Playlist
E-04708,2026-06-19,Freitag,07:31,U-0123,S-032,124,Handy,Autoplay
E-04709,2026-06-19,Freitag,07:33,U-0043,S-046,273,,Suche
E-04710,2026-06-19,Freitag,08:07,U-0007,S-062,302,,Playlist
E-04711,2026-06-19,Freitag,08:29,U-0176,s-037,226,Tablet,Autoplay
E-04712,2026-06-19,Freitag,10:00,U-0092,S-086,339,Desktop,Album
E-04713,2026-06-19,Freitag,10:24,U-0100,S-011,164,Handy,Suche
E-04714,2026-06-19,Freitag,10:44,U-0159,S-059,113,Smartphone,Playlist
E-04715,2026-06-19,Freitag,11:11,U-0200,S-011,44,Handy,Album
E-04716,2026-06-19,Freitag,11:18,U-0052,S-057,308,Desktop,Playlist
E-04717,2026-06-19,Freitag,12:00,U-0070,S-064,192,Desktop,Playlist
E-04718,2026-06-19,Freitag,12:10,,S-040,150,Smart Speaker,Suche
E-04719,2026-06-19,Freitag,12:37,U-0095,S-026,245,Desktop,Album
E-04720,2026-06-19,Freitag,13:38,U-0093,S-085,174,Desktop,Playlist
E-04721,2026-06-19,Freitag,13:48,U-0151,S-041,189,Desktop,Playlist
E-04722,2026-06-19,Freitag,14:06,U-0070,S-002,152,handy,Album
E-04723,2026-06-19,Freitag,14:20,U-0107,S-025,126,Handy,Playlist
E-04724,2026-06-19,Freitag,15:12,U-0162,S-103,257,Desktop,Playlist
E-04725,2026-06-19,Freitag,15:15,U-0056,S-025,123,Desktop,Playlist
E-04726,2026-06-19,Freitag,15:23,U-0031,s-078,208,Tablet,Suche
E-04727,2026-06-19,Freitag,15:24,U-0045,s-110,444,Tablet,Autoplay
E-04728,2026-06-19,Freitag,15:39,U-0135,S-002,22,Handy,Autoplay
E-04729,2026-06-19,Freitag,16:37,U-0095,S-025,194,Handy,Album
E-04730,2026-06-19,Freitag,16:47,U-0088,S-090,239,Handy,Album
E-04731,2026-06-19,Freitag,17:26,U-0021,S-002,6,Handy,Playlist
E-04732,2026-06-19,Freitag,17:42,U-0113,S-061,33,Handy,Playlist
E-04733,2026-06-19,Freitag,18:20,U-0163,S-021,223,Smart Speaker,Suche
E-04734,2026-06-19,Freitag,18:25,U-0194,S-002,152,Handy,Suche
E-04735,2026-06-19,Freitag,18:38,U-0153,S-002,152,Smart Speaker,Album
E-04736,2026-06-19,Freitag,18:39,U-0058,S-055,316,Handy,Playlist
E-04737,2026-06-19,Freitag,18:41,U-0158,S-104,6,Smart Speaker,Suche
E-04738,2026-06-19,Freitag,18:44,U-0078,S-068,65,Handy,Playlist
E-04739,2026-06-19,Freitag,18:58,U-0200,S-020,162,Handy,Playlist
E-04740,2026-06-19,Freitag,19:03,U-0073,S-086,14,Smart Speaker,Album
E-04741,2026-06-19,Freitag,19:23,U-0015,S-011,128,Smart Speaker,Playlist
E-04742,2026-06-19,Freitag,19:39,U-0001,S-013,174,Handy,Playlist
E-04743,2026-06-19,Freitag,19:47,U-0127,S-112,369,Handy,Album
E-04744,2026-06-19,Freitag,19:59,U-0051,S-002,152,Desktop,Playlist
E-04745,2026-06-19,Freitag,20:19,U-0182,S-096,9,Handy,Playlist
E-04746,2026-06-19,Freitag,20:43,U-0062,S-002,152,Handy,Playlist
E-04747,2026-06-19,Freitag,21:00,U-0049,s-032,239,Tablet,Playlist
E-04748,2026-06-19,Freitag,21:54,U-0054,S-031,242,Smart Speaker,Autoplay
E-04749,2026-06-19,Freitag,22:17,U-0117,S-012,90,Handy,Playlist
E-04750,2026-06-19,Freitag,22:41,U-0116,S-019,163,handy,Autoplay
E-04751,2026-06-20,Samstag,01:10,U-0096,S-018,189,Desktop,Suche
E-04752,2026-06-20,Samstag,06:03,U-0124,S-096,123,Handy,Autoplay
E-04753,2026-06-20,Samstag,06:05,U-0151,S-095,240,Desktop,Autoplay
E-04754,2026-06-20,Samstag,06:31,U-0141,S-041,152,Desktop,Autoplay
E-04755,2026-06-20,Samstag,06:32,U-0049,S-025,194,Handy,Autoplay
E-04756,2026-06-20,Samstag,06:33,U-0102,S-002,43,Desktop,Playlist
E-04757,2026-06-20,Samstag,07:00,U-0195,S-026,245,Handy,Album
E-04758,2026-06-20,Samstag,07:01,U-0011,S-078,155,Handy,Suche
E-04759,2026-06-20,Samstag,07:07,U-0043,S-101,253,Handy,Playlist
E-04760,2026-06-20,Samstag,07:14,U-0098,S-025,20,handy,Autoplay
E-04761,2026-06-20,Samstag,07:32,U-0038,S-115,12,Handy,Playlist
E-04762,2026-06-20,Samstag,07:37,U-0010,s-114,5,Tablet,Album
E-04763,2026-06-20,Samstag,08:09,U-0120,S-047,205,Handy,Suche
E-04764,2026-06-20,Samstag,08:53,U-0049,S-078,5,,Autoplay
E-04765,2026-06-20,Samstag,09:38,U-0002,S-097,24,Handy,Suche
E-04766,2026-06-20,Samstag,09:47,U-0066,S-059,3,handy,Album
E-04767,2026-06-20,Samstag,09:49,U-0143,S-062,302,Desktop,Suche
E-04768,2026-06-20,Samstag,11:19,U-0023,S-078,208,Handy,Playlist
E-04769,2026-06-20,Samstag,11:36,U-0044,s-096,167,Tablet,Suche
E-04770,2026-06-20,Samstag,11:50,U-0097,s-068,235,Tablet,Playlist
E-04771,2026-06-20,Samstag,12:15,U-0063,S-031,153,Handy,Album
E-04772,2026-06-20,Samstag,12:54,,S-011,164,Handy,Playlist
E-04773,2026-06-20,Samstag,14:11,U-0054,s-025,12,Tablet,Playlist
E-04774,2026-06-20,Samstag,15:20,U-0098,S-025,22,Handy,Album
E-04775,2026-06-20,Samstag,15:46,U-0103,S-004,88,Handy,Playlist
E-04776,2026-06-20,Samstag,15:50,U-0054,S-011,63,Handy,Playlist
E-04777,2026-06-20,Samstag,16:08,U-0189,S-041,161,Handy,Album
E-04778,2026-06-20,Samstag,16:24,U-0102,S-014,171,,Playlist
E-04779,2026-06-20,Samstag,16:34,U-0138,S-096,109,Handy,Suche
E-04780,2026-06-20,Samstag,16:41,U-0029,S-041,141,Handy,Playlist
E-04781,2026-06-20,Samstag,16:52,U-0060,S-035,26,Handy,Autoplay
E-04782,2026-06-20,Samstag,16:52,U-0261,S-096,14,Desktop,Autoplay
E-04783,2026-06-20,Samstag,16:54,U-0033,S-036,194,Handy,Autoplay
E-04784,2026-06-20,Samstag,16:59,U-0035,S-002,58,Smart Speaker,Autoplay
E-04785,2026-06-20,Samstag,17:05,U-0078,S-007,27,Smart Speaker,Playlist
E-04786,2026-06-20,Samstag,17:23,U-0143,S-008,212,Handy,Playlist
E-04787,2026-06-20,Samstag,17:41,U-0063,S-083,142,Handy,Playlist
E-04788,2026-06-20,Samstag,18:05,U-0181,s-021,5,Tablet,Album
E-04789,2026-06-20,Samstag,18:10,U-0155,s-002,28,Tablet,Autoplay
E-04790,2026-06-20,Samstag,18:33,U-0152,S-001,223,Handy,Playlist
E-04791,2026-06-20,Samstag,19:09,U-0139,s-109,17,Tablet,Album
E-04792,2026-06-20,Samstag,19:09,U-0132,s-078,43,Tablet,Album
E-04793,2026-06-20,Samstag,19:29,U-0058,S-070,21,Desktop,Playlist
E-04794,2026-06-20,Samstag,19:31,U-0037,S-062,302,,Album
E-04795,2026-06-20,Samstag,19:59,U-0007,s-102,112,Tablet,Playlist
E-04796,2026-06-20,Samstag,20:19,U-0037,S-061,9999,,Playlist
E-04797,2026-06-20,Samstag,20:23,U-0023,S-072,126,Handy,Suche
E-04798,2026-06-20,Samstag,20:28,U-0170,S-096,26,Handy,Suche
E-04799,2026-06-20,Samstag,20:31,U-0063,S-066,121,Smart Speaker,Autoplay
E-04800,2026-06-20,Samstag,20:42,U-0178,s-009,130,Tablet,Playlist
E-04801,2026-06-20,Samstag,21:10,U-0151,S-032,239,,Album
E-04802,2026-06-20,Samstag,22:46,U-0159,S-021,180,Handy,Playlist
E-04803,2026-06-21,Sonntag,04:45,U-0183,S-001,18,Handy,Playlist
E-04804,2026-06-21,Sonntag,06:11,U-0105,S-096,196,Smartphone,Autoplay
E-04805,2026-06-21,Sonntag,08:04,U-0010,S-011,164,Desktop,Album
E-04806,2026-06-21,Sonntag,09:56,U-0101,S-013,3,Handy,Suche
E-04807,2026-06-21,Sonntag,12:15,U-0140,S-012,212,,Suche
E-04808,2026-06-21,Sonntag,12:39,U-0073,S-021,148,Handy,Playlist
E-04809,2026-06-21,Sonntag,12:39,U-0170,S-094,48,Desktop,Playlist
E-04810,2026-06-21,Sonntag,12:50,U-0014,s-025,19,Tablet,Playlist
E-04811,2026-06-21,Sonntag,16:01,U-0068,s-103,257,Tablet,Suche
E-04812,2026-06-21,Sonntag,16:02,U-0062,S-096,14,Handy,Playlist
E-04813,2026-06-21,Sonntag,16:29,U-0007,S-041,129,Handy,Playlist
E-04814,2026-06-21,Sonntag,17:10,U-0183,S-069,216,Smart Speaker,Autoplay
E-04815,2026-06-21,Sonntag,17:20,U-0135,S-065,223,Handy,Suche
E-04816,2026-06-21,Sonntag,17:25,,S-064,16,Desktop,Autoplay
E-04817,2026-06-21,Sonntag,18:33,U-0123,S-031,242,Smart Speaker,Suche
E-04818,2026-06-21,Sonntag,18:41,U-0031,S-085,253,Handy,Album
E-04819,2026-06-21,Sonntag,19:01,U-0118,S-053,9999,Smart Speaker,Autoplay
E-04820,2026-06-21,Sonntag,19:35,U-0147,S-007,210,Smart Speaker,Autoplay
E-04821,2026-06-21,Sonntag,19:53,U-0042,s-060,9,Tablet,Playlist
E-04822,2026-06-21,Sonntag,20:07,U-0035,S-025,194,Handy,Autoplay
E-04823,2026-06-21,Sonntag,20:11,U-0170,s-064,21,Tablet,Autoplay
E-04824,2026-06-21,Sonntag,20:27,U-0026,S-021,223,Desktop,Playlist
E-04825,2026-06-21,Sonntag,21:19,U-0051,S-086,63,Smart Speaker,Album
E-04826,2026-06-21,Sonntag,21:31,U-0117,s-103,257,Tablet,Album
E-04827,2026-06-21,Sonntag,22:44,U-0219,s-002,3,Tablet,Autoplay
E-04828,2026-06-22,Montag,01:38,U-0102,S-025,194,Handy,Suche
E-04829,2026-06-22,Montag,04:26,U-0070,S-025,194,Handy,Suche
E-04830,2026-06-22,Montag,06:48,U-0019,S-054,301,Smart Speaker,Autoplay
E-04831,2026-06-22,Montag,06:56,U-0066,S-064,241,Handy,Autoplay
E-04832,2026-06-22,Montag,07:32,U-0084,S-041,189,Handy,Suche
E-04833,2026-06-22,Montag,07:45,,S-041,171,Desktop,Playlist
E-04834,2026-06-22,Montag,07:51,U-0135,S-090,239,Handy,Suche
E-04835,2026-06-22,Montag,08:02,U-0135,S-043,157,Handy,Playlist
E-04836,2026-06-22,Montag,08:22,U-0022,S-011,164,Handy,Album
E-04837,2026-06-22,Montag,08:45,U-0147,S-021,223,Smart Speaker,Playlist
E-04838,2026-06-22,Montag,09:10,U-0010,S-041,189,Handy,Album
E-04839,2026-06-22,Montag,09:14,U-0105,S-103,257,,Album
E-04840,2026-06-22,Montag,09:20,U-0058,S-025,194,Smart Speaker,Suche
E-04841,2026-06-22,Montag,09:37,U-0061,S-103,174,Handy,Playlist
E-04842,2026-06-22,Montag,11:18,U-0037,S-064,241,Desktop,Playlist
E-04843,2026-06-22,Montag,12:19,U-0135,S-026,245,Desktop,Autoplay
E-04844,2026-06-22,Montag,12:53,U-0103,S-090,239,Handy,Autoplay
E-04845,2026-06-22,Montag,14:03,,S-078,11,Handy,Playlist
E-04846,2026-06-22,Montag,14:58,U-0152,S-025,15,Desktop,Autoplay
E-04847,2026-06-22,Montag,15:34,U-0014,S-048,285,Desktop,Album
E-04848,2026-06-22,Montag,16:01,U-0083,S-011,164,Desktop,Playlist
E-04849,2026-06-22,Montag,16:07,U-0069,S-002,17,Handy,Autoplay
E-04850,2026-06-22,Montag,16:07,U-0156,S-079,237,Desktop,Album
E-04851,2026-06-22,Montag,16:08,U-0052,S-060,65,Smart Speaker,Suche
E-04852,2026-06-22,Montag,16:51,U-0051,S-090,187,Handy,Autoplay
E-04853,2026-06-22,Montag,16:59,U-0042,S-057,3,Desktop,Autoplay
E-04854,2026-06-22,Montag,17:10,U-0032,S-081,13,Handy,Album
E-04855,2026-06-22,Montag,17:15,U-0023,S-096,104,Handy,Suche
E-04856,2026-06-22,Montag,17:30,U-0146,s-002,152,Tablet,Suche
E-04857,2026-06-22,Montag,17:54,U-0051,S-043,157,Smart Speaker,Playlist
E-04858,2026-06-22,Montag,19:08,U-0118,S-064,241,,Suche
E-04859,2026-06-22,Montag,19:44,U-0018,S-009,141,Smart Speaker,Playlist
E-04860,2026-06-22,Montag,19:49,U-0040,S-011,164,Handy,Album
E-04861,2026-06-22,Montag,20:03,U-0079,s-031,242,Tablet,Playlist
E-04862,2026-06-22,Montag,20:36,U-0152,S-002,152,Handy,Playlist
E-04863,2026-06-22,Montag,20:44,U-0063,S-103,60,Handy,Autoplay
E-04864,2026-06-22,Montag,21:43,U-0011,S-062,302,Smart Speaker,Album
E-04865,2026-06-22,Montag,22:36,U-0052,S-014,201,Smart Speaker,Playlist
E-04866,2026-06-22,Montag,22:38,U-0170,s-061,191,Tablet,Album
E-04867,2026-06-22,Montag,22:50,U-0158,S-064,8,Smart Speaker,Autoplay
E-04868,2026-06-22,Montag,23:15,U-0063,S-062,302,Smart Speaker,Suche
E-04869,2026-06-23,Dienstag,05:17,U-0132,S-090,6,Handy,Playlist
E-04870,2026-06-23,Dienstag,06:16,U-0095,S-031,242,Smartphone,Playlist
E-04871,2026-06-23,Dienstag,07:10,U-0150,S-078,90,Handy,Playlist
E-04872,2026-06-23,Dienstag,07:18,U-0170,S-064,189,Smart Speaker,Playlist
E-04873,2026-06-23,Dienstag,07:32,U-0068,S-093,63,Handy,Album
E-04874,2026-06-23,Dienstag,07:38,U-0051,S-055,161,Handy,Playlist
E-04875,2026-06-23,Dienstag,08:19,U-0063,S-002,133,Handy,Autoplay
E-04876,2026-06-23,Dienstag,09:53,U-0106,S-004,113,Smart Speaker,Playlist
E-04877,2026-06-23,Dienstag,10:46,U-0126,S-001,223,Desktop,Suche
E-04878,2026-06-23,Dienstag,11:30,U-0044,S-026,28,Handy,Album
E-04879,2026-06-23,Dienstag,12:16,U-0066,S-036,194,Smart Speaker,Album
E-04880,2026-06-23,Dienstag,13:12,U-0037,S-041,25,Smart Speaker,Autoplay
E-04881,2026-06-23,Dienstag,13:37,U-0199,S-095,240,Desktop,Playlist
E-04882,2026-06-23,Dienstag,13:39,U-0107,s-085,215,Tablet,Album
E-04883,2026-06-23,Dienstag,13:41,U-0182,S-032,122,Handy,Playlist
E-04884,2026-06-23,Dienstag,14:02,U-0075,S-108,147,Handy,Autoplay
E-04885,2026-06-23,Dienstag,14:07,U-0169,S-026,20,Desktop,Autoplay
E-04886,2026-06-23,Dienstag,14:18,U-0062,S-031,58,Desktop,Autoplay
E-04887,2026-06-23,Dienstag,14:43,U-0164,S-078,208,Handy,Suche
E-04888,2026-06-23,Dienstag,15:32,U-0040,s-004,156,Tablet,Suche
E-04889,2026-06-23,Dienstag,15:39,U-0028,S-003,181,Desktop,Suche
E-04890,2026-06-23,Dienstag,16:34,U-0077,S-001,223,Desktop,Playlist
E-04891,2026-06-23,Dienstag,16:36,U-0139,S-002,78,Desktop,Playlist
E-04892,2026-06-23,Dienstag,17:10,U-0078,S-106,312,Desktop,Suche
E-04893,2026-06-23,Dienstag,17:43,U-0151,S-041,122,Handy,Suche
E-04894,2026-06-23,Dienstag,17:55,U-0099,s-002,134,Tablet,Autoplay
E-04895,2026-06-23,Dienstag,18:18,U-0002,S-002,39,Smart Speaker,Playlist
E-04896,2026-06-23,Dienstag,18:19,U-0103,S-075,27,Handy,Playlist
E-04897,2026-06-23,Dienstag,19:25,U-0065,S-011,164,Handy,Autoplay
E-04898,2026-06-23,Dienstag,19:37,U-0054,S-108,22,Handy,Autoplay
E-04899,2026-06-23,Dienstag,20:31,U-0167,S-115,9,Smart Speaker,Playlist
E-04900,2026-06-23,Dienstag,21:00,U-0026,S-025,54,Smart Speaker,Autoplay
E-04901,2026-06-23,Dienstag,21:02,U-0077,S-088,237,Desktop,Suche
E-04902,2026-06-23,Dienstag,21:15,U-0048,S-002,54,Handy,Playlist
E-04903,2026-06-23,Dienstag,21:31,U-0170,S-108,367,Smart Speaker,Playlist
E-04904,2026-06-23,Dienstag,21:37,U-0037,S-031,66,Smart Speaker,Playlist
E-04905,2026-06-23,Dienstag,23:00,U-0058,S-109,38,Handy,Suche
E-04906,2026-06-23,Dienstag,23:27,U-0105,s-011,114,Tablet,Playlist
E-04907,2026-06-23,Dienstag,23:59,U-0087,S-053,71,Handy,Suche
E-04908,2026-06-24,Mittwoch,06:00,U-0108,S-064,11,Handy,Album
E-04909,2026-06-24,Mittwoch,06:50,U-0152,S-041,24,Handy,Autoplay
E-04910,2026-06-24,Mittwoch,07:03,U-0171,S-001,24,Handy,Autoplay
E-04911,2026-06-24,Mittwoch,07:42,U-0049,S-013,174,Smart Speaker,Playlist
E-04912,2026-06-24,Mittwoch,08:05,U-0100,s-011,164,Tablet,Suche
E-04913,2026-06-24,Mittwoch,08:06,U-0135,S-080,12,Desktop,Autoplay
E-04914,2026-06-24,Mittwoch,08:15,U-0196,S-025,70,Handy,Autoplay
E-04915,2026-06-24,Mittwoch,08:25,U-0219,S-092,204,Handy,Autoplay
E-04916,2026-06-24,Mittwoch,08:34,U-0063,S-060,99,Handy,Autoplay
E-04917,2026-06-24,Mittwoch,08:58,U-0080,S-082,141,Handy,Playlist
E-04918,2026-06-24,Mittwoch,09:07,U-0031,S-086,14,Handy,Playlist
E-04919,2026-06-24,Mittwoch,09:50,U-0097,S-062,214,Handy,Playlist
E-04920,2026-06-24,Mittwoch,10:26,U-0014,S-021,137,Desktop,Suche
E-04921,2026-06-24,Mittwoch,11:17,U-0049,S-011,18,Desktop,Autoplay
E-04922,2026-06-24,Mittwoch,12:37,U-0176,S-041,189,Desktop,Autoplay
E-04923,2026-06-24,Mittwoch,12:58,U-0146,S-041,189,Desktop,Autoplay
E-04924,2026-06-24,Mittwoch,13:04,U-0056,S-114,219,Handy,Autoplay
E-04925,2026-06-24,Mittwoch,15:28,U-0022,S-074,281,Handy,Suche
E-04926,2026-06-24,Mittwoch,15:45,U-0063,S-066,260,Desktop,Playlist
E-04927,2026-06-24,Mittwoch,17:04,U-0037,S-002,152,Handy,Suche
E-04928,2026-06-24,Mittwoch,17:29,U-0084,S-100,256,,Album
E-04929,2026-06-24,Mittwoch,17:37,U-0141,S-005,205,Handy,Playlist
E-04930,2026-06-24,Mittwoch,18:14,U-0093,S-100,256,Smart Speaker,Autoplay
E-04931,2026-06-24,Mittwoch,18:24,U-0174,s-057,4,Tablet,Autoplay
E-04932,2026-06-24,Mittwoch,18:31,U-0150,S-041,189,Smart Speaker,Autoplay
E-04933,2026-06-24,Mittwoch,18:43,U-0188,s-064,206,Tablet,Album
E-04934,2026-06-24,Mittwoch,20:09,,S-033,241,Handy,Album
E-04935,2026-06-24,Mittwoch,20:48,U-0116,s-016,52,Tablet,Album
E-04936,2026-06-24,Mittwoch,22:07,U-0008,S-092,23,Smart Speaker,Autoplay
E-04937,2026-06-24,Mittwoch,22:43,U-0151,S-102,184,Smart Speaker,Playlist
E-04938,2026-06-25,Donnerstag,06:00,U-0031,s-086,339,Tablet,Playlist
E-04939,2026-06-25,Donnerstag,06:03,U-0145,S-010,158,Handy,Suche
E-04940,2026-06-25,Donnerstag,06:22,U-0118,S-026,245,Handy,Playlist
E-04941,2026-06-25,Donnerstag,06:48,U-0063,S-095,240,Desktop,Autoplay
E-04942,2026-06-25,Donnerstag,07:54,U-0160,s-101,6,Tablet,Playlist
E-04943,2026-06-25,Donnerstag,08:20,U-0122,S-086,250,Handy,Playlist
E-04944,2026-06-25,Donnerstag,08:27,U-0108,S-002,92,Handy,Suche
E-04945,2026-06-25,Donnerstag,09:24,U-0080,S-064,241,Handy,Playlist
E-04946,2026-06-25,Donnerstag,10:20,U-0031,S-060,32,Handy,Playlist
E-04947,2026-06-25,Donnerstag,11:50,U-0026,S-021,223,Desktop,Playlist
E-04948,2026-06-25,Donnerstag,11:59,U-0103,S-096,18,Smart Speaker,Playlist
E-04949,2026-06-25,Donnerstag,12:23,U-0188,S-008,48,Handy,Suche
E-04950,2026-06-25,Donnerstag,12:57,U-0261,S-070,115,Desktop,Album
E-04951,2026-06-25,Donnerstag,13:38,U-0063,S-050,224,Handy,Album
E-04952,2026-06-25,Donnerstag,14:07,U-0158,S-031,242,Desktop,Autoplay
E-04953,2026-06-25,Donnerstag,14:10,U-0049,S-031,242,handy,Album
E-04954,2026-06-25,Donnerstag,18:29,U-0054,S-042,189,Smart Speaker,Album
E-04955,2026-06-25,Donnerstag,18:42,U-0170,S-031,242,Smart Speaker,Playlist
E-04956,2026-06-25,Donnerstag,18:48,U-0152,S-043,14,Handy,Playlist
E-04957,2026-06-25,Donnerstag,19:38,,s-114,416,Tablet,Playlist
E-04958,2026-06-25,Donnerstag,19:48,U-0063,S-033,241,Handy,Autoplay
E-04959,2026-06-25,Donnerstag,20:14,U-0070,S-060,205,Handy,Playlist
E-04960,2026-06-25,Donnerstag,20:23,U-0021,S-086,303,Smart Speaker,Autoplay
E-04961,2026-06-25,Donnerstag,20:41,U-0195,s-025,131,Tablet,Autoplay
E-04962,2026-06-25,Donnerstag,21:13,U-0184,S-025,194,Smart Speaker,Suche
E-04963,2026-06-26,Freitag,00:10,,S-100,134,Handy,Playlist
E-04964,2026-06-26,Freitag,01:22,U-0060,S-002,152,Smart Speaker,Autoplay
E-04965,2026-06-26,Freitag,06:00,U-0073,S-107,301,handy,Autoplay
E-04966,2026-06-26,Freitag,06:59,U-0009,S-044,144,Desktop,Album
E-04967,2026-06-26,Freitag,07:26,U-0092,S-059,308,Handy,Suche
E-04968,2026-06-26,Freitag,07:54,U-0011,S-019,163,Smart Speaker,Album
E-04969,2026-06-26,Freitag,08:27,U-0135,S-031,17,Handy,Playlist
E-04970,2026-06-26,Freitag,08:28,,S-025,174,Handy,Playlist
E-04971,2026-06-26,Freitag,08:55,U-0077,S-062,13,Handy,Album
E-04972,2026-06-26,Freitag,08:59,U-0044,S-002,152,handy,Album
E-04973,2026-06-26,Freitag,10:29,U-0164,S-088,237,Desktop,Suche
E-04974,2026-06-26,Freitag,10:48,U-0184,S-002,152,Smart Speaker,Playlist
E-04975,2026-06-26,Freitag,11:09,U-0261,S-036,194,Handy,Suche
E-04976,2026-06-26,Freitag,12:48,U-0124,S-041,189,Desktop,Autoplay
E-04977,2026-06-26,Freitag,13:51,U-0058,S-083,16,Handy,Autoplay
E-04978,2026-06-26,Freitag,13:57,U-0078,S-065,223,Handy,Album
E-04979,2026-06-26,Freitag,14:41,U-0087,S-068,235,Handy,Suche
E-04980,2026-06-26,Freitag,14:43,U-0176,S-053,26,Handy,Autoplay
E-04981,2026-06-26,Freitag,15:17,U-0107,S-002,7,Desktop,Suche
E-04982,2026-06-26,Freitag,15:45,U-0027,S-066,235,Handy,Playlist
E-04983,2026-06-26,Freitag,16:22,U-0261,S-011,14,Desktop,Album
E-04984,2026-06-26,Freitag,16:30,U-0173,S-083,24,Handy,Album
E-04985,2026-06-26,Freitag,16:43,U-0099,S-025,194,Handy,Autoplay
E-04986,2026-06-26,Freitag,16:51,U-0173,S-072,175,Handy,Playlist
E-04987,2026-06-26,Freitag,18:24,U-0139,S-011,98,Smart Speaker,Playlist
E-04988,2026-06-26,Freitag,18:52,U-0013,S-074,220,Handy,Autoplay
E-04989,2026-06-26,Freitag,18:54,U-0105,s-078,208,Tablet,Suche
E-04990,2026-06-26,Freitag,19:06,U-0185,S-004,156,Desktop,Playlist
E-04991,2026-06-26,Freitag,19:13,U-0065,s-044,21,Tablet,Playlist
E-04992,2026-06-26,Freitag,19:38,U-0022,S-086,29,Smart Speaker,Suche
E-04993,2026-06-26,Freitag,19:56,U-0200,S-057,308,Smart Speaker,Playlist
E-04994,2026-06-26,Freitag,20:22,U-0166,S-109,317,Desktop,Suche
E-04995,2026-06-26,Freitag,20:25,U-0038,S-002,152,Handy,Album
E-04996,2026-06-26,Freitag,20:30,U-0026,S-010,48,Smartphone,Album
E-04997,2026-06-26,Freitag,20:55,U-0044,S-069,10,Handy,Autoplay
E-04998,2026-06-26,Freitag,21:08,U-0091,S-011,164,Desktop,Playlist
E-04999,2026-06-26,Freitag,21:49,U-0033,S-062,302,Desktop,Playlist
E-05000,2026-06-26,Freitag,21:54,U-0038,S-031,29,Smartphone,Autoplay
E-05001,2026-06-26,Freitag,22:12,U-0102,s-033,186,Tablet,Playlist
E-05002,2026-06-26,Freitag,22:39,U-0049,S-038,207,Smart Speaker,Playlist
E-05003,2026-06-26,Freitag,23:04,U-0024,S-021,40,Handy,Autoplay
E-05004,2026-06-27,Samstag,06:11,U-0112,S-096,196,Handy,Autoplay
E-05005,2026-06-27,Samstag,06:40,U-0126,S-025,194,Handy,Autoplay
E-05006,2026-06-27,Samstag,06:57,U-0143,S-064,241,Handy,Album
E-05007,2026-06-27,Samstag,07:12,U-0129,S-064,241,Handy,Autoplay
E-05008,2026-06-27,Samstag,07:23,U-0103,S-031,25,Smartphone,Autoplay
E-05009,2026-06-27,Samstag,07:56,U-0130,S-043,28,Desktop,Playlist
E-05010,2026-06-27,Samstag,08:09,U-0099,S-002,152,Handy,Playlist
E-05011,2026-06-27,Samstag,08:25,U-0120,S-015,160,Handy,Album
E-05012,2026-06-27,Samstag,08:36,U-0063,S-096,196,Handy,Playlist
E-05013,2026-06-27,Samstag,08:46,U-0016,S-002,16,Desktop,Playlist
E-05014,2026-06-27,Samstag,09:01,U-0040,S-050,10,Handy,Playlist
E-05015,2026-06-27,Samstag,10:29,U-0060,S-025,9,Handy,Playlist
E-05016,2026-06-27,Samstag,11:03,U-0124,S-030,140,Desktop,Suche
E-05017,2026-06-27,Samstag,11:05,U-0112,S-025,194,Handy,Suche
E-05018,2026-06-27,Samstag,14:04,U-0111,S-102,125,Handy,Album
E-05019,2026-06-27,Samstag,14:29,U-0200,s-028,195,Tablet,Autoplay
E-05020,2026-06-27,Samstag,14:45,U-0084,S-041,189,Handy,Album
E-05021,2026-06-27,Samstag,16:14,U-0178,S-078,138,Smart Speaker,Playlist
E-05022,2026-06-27,Samstag,16:41,U-0083,S-011,164,Smart Speaker,Album
E-05023,2026-06-27,Samstag,16:42,U-0083,S-092,204,Handy,Album
E-05024,2026-06-27,Samstag,17:26,U-0117,S-031,242,Smart Speaker,Autoplay
E-05025,2026-06-27,Samstag,17:58,,S-041,134,Smart Speaker,Playlist
E-05026,2026-06-27,Samstag,18:07,U-0103,S-085,70,Handy,Album
E-05027,2026-06-27,Samstag,18:55,U-0058,S-025,194,Handy,Autoplay
E-05028,2026-06-27,Samstag,19:09,U-0170,S-114,416,Smartphone,Playlist
E-05029,2026-06-27,Samstag,19:53,U-0006,s-064,241,Tablet,Album
E-05030,2026-06-27,Samstag,19:58,U-0127,S-021,29,handy,Playlist
E-05031,2026-06-27,Samstag,20:00,U-0063,S-064,241,Handy,Playlist
E-05032,2026-06-27,Samstag,20:06,U-0146,S-002,33,Smart Speaker,Autoplay
E-05033,2026-06-27,Samstag,20:26,U-0082,S-036,6,Handy,Playlist
E-05034,2026-06-27,Samstag,20:30,U-0160,S-025,145,Smartphone,Playlist
E-05035,2026-06-27,Samstag,21:01,U-0048,S-032,20,Smart Speaker,Autoplay
E-05036,2026-06-27,Samstag,21:09,U-0071,S-024,221,Smart Speaker,Autoplay
E-05037,2026-06-27,Samstag,21:24,U-0124,s-019,163,Tablet,Autoplay
E-05038,2026-06-27,Samstag,21:42,U-0031,S-007,210,Smart Speaker,Album
E-05039,2026-06-27,Samstag,21:43,U-0112,S-114,416,Smart Speaker,Playlist
E-05040,2026-06-27,Samstag,22:47,U-0097,S-115,263,Smart Speaker,Album
E-05041,2026-06-28,Sonntag,05:56,U-0116,S-036,194,Smart Speaker,Playlist
E-05042,2026-06-28,Sonntag,06:20,U-0032,S-084,205,Desktop,Album
E-05043,2026-06-28,Sonntag,07:02,U-0153,S-041,189,Handy,Suche
E-05044,2026-06-28,Sonntag,07:05,U-0107,S-064,241,Handy,Suche
E-05045,2026-06-28,Sonntag,07:21,U-0060,S-002,120,Handy,Playlist
E-05046,2026-06-28,Sonntag,08:07,U-0135,S-021,133,Handy,Playlist
E-05047,2026-06-28,Sonntag,08:25,U-0064,S-114,24,Handy,Album
E-05048,2026-06-28,Sonntag,09:05,U-0058,S-062,302,Desktop,Album
E-05049,2026-06-28,Sonntag,09:06,U-0077,S-066,209,Handy,Playlist
E-05050,2026-06-28,Sonntag,10:25,U-0093,S-003,181,Handy,Playlist
E-05051,2026-06-28,Sonntag,10:38,U-0105,s-078,208,Tablet,Playlist
E-05052,2026-06-28,Sonntag,10:38,U-0014,S-086,293,Desktop,Playlist
E-05053,2026-06-28,Sonntag,11:41,U-0081,s-002,46,Tablet,Album
E-05054,2026-06-28,Sonntag,12:41,U-0194,S-014,201,Handy,Autoplay
E-05055,2026-06-28,Sonntag,14:43,U-0031,S-078,51,Desktop,Playlist
E-05056,2026-06-28,Sonntag,16:29,U-0105,S-041,189,Desktop,Autoplay
E-05057,2026-06-28,Sonntag,16:53,U-0049,S-002,152,Handy,Playlist
E-05058,2026-06-28,Sonntag,17:09,U-0028,S-047,108,Desktop,Autoplay
E-05059,2026-06-28,Sonntag,17:14,U-0121,S-032,32,Smart Speaker,Playlist
E-05060,2026-06-28,Sonntag,17:33,U-0101,S-002,152,Smart Speaker,Playlist
E-05061,2026-06-28,Sonntag,17:33,U-0200,s-005,205,Tablet,Album
E-05062,2026-06-28,Sonntag,17:52,U-0058,s-092,9,Tablet,Playlist
E-05063,2026-06-28,Sonntag,19:07,U-0073,S-107,27,Handy,Album
E-05064,2026-06-28,Sonntag,19:24,U-0152,S-031,242,Desktop,Playlist
E-05065,2026-06-28,Sonntag,19:25,U-0108,S-114,416,Smart Speaker,Playlist
E-05066,2026-06-28,Sonntag,19:27,U-0098,S-025,194,Smart Speaker,Playlist
E-05067,2026-06-28,Sonntag,19:37,U-0038,S-025,194,handy,Playlist
E-05068,2026-06-28,Sonntag,19:41,U-0118,S-062,270,Handy,Playlist
E-05069,2026-06-28,Sonntag,19:56,U-0049,S-066,260,Smart Speaker,Playlist
E-05070,2026-06-28,Sonntag,20:01,U-0058,S-041,105,Handy,Suche
E-05071,2026-06-28,Sonntag,20:18,U-0063,S-074,4,Handy,Playlist
E-05072,2026-06-28,Sonntag,20:18,U-0058,S-025,194,Handy,Album
E-05073,2026-06-28,Sonntag,20:34,U-0111,S-078,25,Desktop,Album
E-05074,2026-06-28,Sonntag,20:45,U-0105,S-105,189,Smart Speaker,Playlist
E-05075,2026-06-28,Sonntag,20:46,U-0103,S-014,201,Smart Speaker,Album
E-05076,2026-06-28,Sonntag,20:51,U-0048,S-118,147,Handy,Playlist
E-05077,2026-06-28,Sonntag,21:19,U-0072,S-041,189,Desktop,Playlist
E-05078,2026-06-28,Sonntag,21:29,U-0106,S-007,116,Smart Speaker,Suche
E-05079,2026-06-28,Sonntag,21:56,U-0130,S-026,22,Handy,Playlist
E-05080,2026-06-28,Sonntag,23:19,U-0093,S-018,189,Handy,Playlist
E-05081,2026-06-29,Montag,01:17,U-0107,S-023,17,Handy,Autoplay
E-05082,2026-06-29,Montag,01:23,U-0020,S-062,227,Handy,Autoplay
E-05083,2026-06-29,Montag,02:24,U-0049,S-041,18,Smart Speaker,Autoplay
E-05084,2026-06-29,Montag,06:02,U-0107,S-041,20,Handy,Playlist
E-05085,2026-06-29,Montag,06:34,U-0151,S-092,204,Handy,Album
E-05086,2026-06-29,Montag,07:48,U-0129,s-070,28,Tablet,Playlist
E-05087,2026-06-29,Montag,08:01,U-0015,S-054,143,Handy,Album
E-05088,2026-06-29,Montag,08:17,U-0109,S-013,50,Handy,Autoplay
E-05089,2026-06-29,Montag,08:24,U-0031,S-116,26,Handy,Playlist
E-05090,2026-06-29,Montag,08:58,U-0027,S-001,223,Handy,Album
E-05091,2026-06-29,Montag,08:59,U-0017,S-057,25,Handy,Autoplay
E-05092,2026-06-29,Montag,11:52,U-0129,S-092,204,,Suche
E-05093,2026-06-29,Montag,11:55,U-0033,S-002,152,Smartphone,Suche
E-05094,2026-06-29,Montag,13:25,U-0037,S-028,195,Desktop,Playlist
E-05095,2026-06-29,Montag,13:36,U-0118,S-064,105,Desktop,Playlist
E-05096,2026-06-29,Montag,14:40,U-0068,S-064,241,Desktop,Suche
E-05097,2026-06-29,Montag,14:43,U-0010,S-002,152,Handy,Playlist
E-05098,2026-06-29,Montag,15:09,U-0080,S-059,96,Desktop,Autoplay
E-05099,2026-06-29,Montag,15:53,U-0157,S-091,14,Handy,Album
E-05100,2026-06-29,Montag,16:58,U-0200,S-051,4,Desktop,Album
E-05101,2026-06-29,Montag,18:14,U-0127,S-090,239,Smart Speaker,Suche
E-05102,2026-06-29,Montag,18:25,U-0049,S-062,302,Handy,Playlist
E-05103,2026-06-29,Montag,18:47,U-0095,S-002,10,Handy,Autoplay
E-05104,2026-06-29,Montag,19:11,U-0020,S-115,341,Handy,Autoplay
E-05105,2026-06-29,Montag,19:24,U-0200,s-021,10,Tablet,Autoplay
E-05106,2026-06-29,Montag,20:04,U-0176,S-025,28,Desktop,Autoplay
E-05107,2026-06-29,Montag,20:07,U-0170,s-055,78,Tablet,Autoplay
E-05108,2026-06-29,Montag,20:08,U-0083,S-057,45,Smart Speaker,Playlist
E-05109,2026-06-29,Montag,20:25,U-0179,S-051,261,Smart Speaker,Autoplay
E-05110,2026-06-29,Montag,21:10,U-0189,s-031,242,Tablet,Playlist
E-05111,2026-06-29,Montag,21:16,U-0063,S-064,241,Smart Speaker,Suche
E-05112,2026-06-29,Montag,21:23,U-0151,S-088,188,Handy,Suche
E-05113,2026-06-29,Montag,21:33,U-0155,S-041,189,Desktop,Autoplay
E-05114,2026-06-29,Montag,21:36,U-0150,s-062,302,Tablet,Suche
E-05115,2026-06-29,Montag,22:41,U-0091,s-105,13,Tablet,Suche
E-05116,2026-06-30,Dienstag,01:44,U-0127,S-064,241,Handy,Autoplay
E-05117,2026-06-30,Dienstag,03:19,U-0179,s-092,204,Tablet,Suche
E-05118,2026-06-30,Dienstag,06:09,U-0111,S-062,68,Handy,Suche
E-05119,2026-06-30,Dienstag,07:26,U-0064,S-054,301,Handy,Playlist
E-05120,2026-06-30,Dienstag,07:43,U-0233,S-041,189,Handy,Playlist
E-05121,2026-06-30,Dienstag,08:00,U-0064,S-002,24,Handy,Playlist
E-05122,2026-06-30,Dienstag,08:12,U-0063,S-093,211,Handy,Album
E-05123,2026-06-30,Dienstag,08:42,U-0010,S-002,136,Handy,Playlist
E-05124,2026-06-30,Dienstag,08:43,U-0021,S-041,189,Handy,Autoplay
E-05125,2026-06-30,Dienstag,09:31,U-0045,S-002,152,Handy,Album
E-05126,2026-06-30,Dienstag,10:03,U-0049,S-009,28,Handy,Album
E-05127,2026-06-30,Dienstag,10:15,U-0049,S-067,24,Smart Speaker,Playlist
E-05128,2026-06-30,Dienstag,10:22,U-0077,S-002,88,Desktop,Album
E-05129,2026-06-30,Dienstag,11:06,U-0023,S-032,239,Desktop,Playlist
E-05130,2026-06-30,Dienstag,12:27,U-0064,S-002,49,Handy,Suche
E-05131,2026-06-30,Dienstag,14:00,U-0083,S-025,194,Handy,Playlist
E-05132,2026-06-30,Dienstag,15:39,U-0182,S-114,281,Handy,Suche
E-05133,2026-06-30,Dienstag,15:50,U-0108,S-104,30,Desktop,Autoplay
E-05134,2026-06-30,Dienstag,16:08,U-0032,S-002,28,Desktop,Autoplay
E-05135,2026-06-30,Dienstag,17:33,U-0080,S-029,62,Desktop,Playlist
E-05136,2026-06-30,Dienstag,18:25,U-0023,S-059,308,Smart Speaker,Album
E-05137,2026-06-30,Dienstag,18:29,U-0111,s-083,159,Tablet,Playlist
E-05138,2026-06-30,Dienstag,18:41,U-0176,S-074,281,Smart Speaker,Autoplay
E-05139,2026-06-30,Dienstag,19:12,U-0117,S-018,7,Handy,Suche
E-05140,2026-06-30,Dienstag,19:28,U-0011,s-078,208,Tablet,Playlist
E-05141,2026-06-30,Dienstag,19:32,U-0088,S-057,308,Handy,Suche
E-05142,2026-06-30,Dienstag,19:46,U-0104,S-011,164,Handy,Autoplay
E-05143,2026-06-30,Dienstag,19:58,U-0077,S-078,208,Handy,Playlist
E-05144,2026-06-30,Dienstag,20:19,U-0176,S-041,111,Handy,Playlist
E-05145,2026-06-30,Dienstag,20:31,U-0088,S-021,13,Smart Speaker,Playlist
E-05146,2026-06-30,Dienstag,20:49,U-0040,s-032,222,Tablet,Suche
E-05147,2026-06-30,Dienstag,21:10,U-0021,S-090,239,Smart Speaker,Playlist
E-05148,2026-06-30,Dienstag,22:29,U-0056,s-090,239,Tablet,Playlist
E-05149,2026-06-30,Dienstag,23:21,U-0091,S-070,231,Handy,Playlist
E-05150,2026-06-30,Dienstag,23:38,U-0200,S-001,223,Smart Speaker,Autoplay
